Keyword,Title,Description,Original Link,Link,Publication Date
국정기획위원회,한은 소유 미술품에 친일 작가 작품 최소 5점 포함,8일 국회 기획재정위원회 소속 차규근 조국혁신당 의원이 한국은행에서 제출받은 자료에 따르면 친일... 한은 국정감사에서 현재 소유하고 있는 친일작가 작품 처분에 대한 입장을 물을 것&quot;이라고 말했다.,https://www.news1.kr/economy/trend/5935844,https://n.news.naver.com/mnews/article/421/0008528148?sid=101,"Wed, 08 Oct 2025 12:06:00 +0900"
국정기획위원회,"차규근 의원 “한국은행 소유한 미술작품 친일 논란 작가 5명 확인, 총 ...",서울경제티브이 김정희 기자 조국혁신당 차규근 의원(기획재정위원회)은 8일 한국은행으로부터 받은... 이어 “올해 한국은행 국정감사에서 현재 소유하고 있는 친일작가 미술작품 처분에 대한 입증을 물을 것”이라고... ,https://www.sentv.co.kr/article/view/sentv202510080016,https://www.sentv.co.kr/article/view/sentv202510080016,"Wed, 08 Oct 2025 11:58:00 +0900"
국정기획위원회,검찰개혁 속도전 속 다시 거론되는 ‘자치경찰제’···치안 공백 최소...,"이 대통령이 취임 30일 기자회견에서 자치경찰제를 언급하자 윤호중 행정안전부 장관 역시 이원화된 자치경찰제도를 거론했고, 국정기획위원회는 ‘자치경찰제 시범 실시 후 전면 시행’ 방안을 발표했다.... ",https://www.khan.co.kr/article/202510081057001,https://n.news.naver.com/mnews/article/032/0003400906?sid=102,"Wed, 08 Oct 2025 10:57:00 +0900"
국정기획위원회,함석헌과 이병도의 5.16쿠데타 쟁점,"법제·사법·내무·외무·국방·재정·경제·교통·체신·문교·사회·운영·기획 등 13개 분과위원회를 설치하고... 물론 과거의 혁명거사에 있어서도 그 동기가 대개 국정을 부패에서, 민생을 도탄에서, 구출하려는 전체... ",https://www.ohmynews.com/NWS_Web/View/at_pg.aspx?CNTN_CD=A0003171387&CMPT_CD=P0010&utm_source=naver&utm_medium=newsearch&utm_campaign=naver_news,https://n.news.naver.com/mnews/article/047/0002490646?sid=102,"Wed, 08 Oct 2025 10:45:00 +0900"
국정기획위원회,[주장] 이재명 정부 규제 개혁의 성공 방안,그래서 지난 이재명 정부의 국정기획위원회에서는 산업혁신이나 신산업 중심의 규제개혁과 더불어 형사처벌 중심의 규제보다는 경제적 제재 중심으로 규제개혁을 전환할 것이라고 했다. 지난 9월 15일 이재명 대통령은... ,https://www.ohmynews.com/NWS_Web/View/at_pg.aspx?CNTN_CD=A0003171671&CMPT_CD=P0010&utm_source=naver&utm_medium=newsearch&utm_campaign=naver_news,https://n.news.naver.com/mnews/article/047/0002490645?sid=100,"Wed, 08 Oct 2025 10:43:00 +0900"
국정기획위원회,‘배당소득 분리과세’ 국감 핵심 이슈 전망 [미리보는 국감],올해 국회 기획재정위원회의 국정감사에서는 새 정부의 첫 세제개편안에 담긴 배당소득 분리과세가 핵심 의제가 될 전망이다. 기재위는 오는 13일부터 30일까지 18일간 기획재정부를 비롯한 국세청 등 외청에 대한... ,https://www.dailian.co.kr/news/view/1557689/?sc=Naver,https://n.news.naver.com/mnews/article/119/0003010900?sid=101,"Wed, 08 Oct 2025 10:01:00 +0900"
국정기획위원회,"[이재명 정부 고등교육 정책, 어디로 가는가 ①] '10개의 서울대'는 '위...","정책을 기획한 국정기획위원회, 최종 결정을 내리는 대통령실, 집행을 담당하는 교육부, 관련 법령과 예산을 확정하는 국회와 기획재정부 등은 정책의 취지와 목표를 명확히 공유해야만 성공한 정책으로 자리매김할 수... ",https://news.unn.net/news/articleView.html?idxno=584665,https://news.unn.net/news/articleView.html?idxno=584665,"Wed, 08 Oct 2025 09:48:00 +0900"
국정기획위원회,"3년 만에 국감 ‘공수 교대’, 조희대·김현지·관세협상…쟁점 수두룩","대표적으로 3500억달러 투자 약속 향방 등 미국과의 관세협상 경과를 두고 산업통상자원중소벤처기업위원회와 외교통일위원회, 기획재정위원회 국감장에서 야당의 정치 공세가 예상된다. 국정자원 화재의 원인을... ",https://www.hani.co.kr/arti/politics/assembly/1222420.html,https://n.news.naver.com/mnews/article/028/0002769905?sid=100,"Wed, 08 Oct 2025 09:02:00 +0900"
국정기획위원회,"&quot;코스피, 5000까지 쉽게 간다&quot;…쏟아진 장밋빛 전망",오는 13일부터 시작되는 국회 기획재정위원회 국정감사에서 이슈가 될 ‘배당소득 분리과세’ 최고세율 조정도 관심이다. 앞서 상장주식에 양도소득세를 부과하는 대주주 기준을 10억원으로 강화한 세법 개정안을... ,http://www.edaily.co.kr/news/newspath.asp?newsid=01266086642330952,https://n.news.naver.com/mnews/article/018/0006134002?sid=101,"Wed, 08 Oct 2025 09:01:00 +0900"
국정기획위원회,"한국은행, 친일 논란 작가 작품 1년째 전시…10점 소장 중","8일 국회 기획재정위원회 소속 조국혁신당 차규근 의원에 따르면, 한은은 지난해 10월부터 화폐박물관에서... 감정을 고려해야 한다&quot;며 &quot;국정감사에서 친일 논란 작가 미술 작품 처분에 대한 입장을 물을 것&quot;이라고 말했다.",https://www.imaeil.com/page/view/2025100808042670266,https://n.news.naver.com/mnews/article/088/0000974211?sid=102,"Wed, 08 Oct 2025 08:06:00 +0900"
국정기획위원회,"한국은행 전시회, 친일 논란 작가 작품 포함… 차규근 의원 &quot;작품 수집...","국회 기획재정위원회의 조국혁신당 소속 차규근 의원은 한국은행이 작년 10월부터 화폐박물관에서 '사유와... 작품을 수집해야 한다&quot;며, 다가오는 국정감사에서 이러한 논란에 대해 한국은행의 입장을 묻겠다고 밝혔다.",https://www.gokorea.kr/news/articleView.html?idxno=842265,https://www.gokorea.kr/news/articleView.html?idxno=842265,"Wed, 08 Oct 2025 07:54:00 +0900"
국정기획위원회,"금융당국, 금융소비자 보호 강화 공감대...소비자에 미칠 영향은?",국정기획위원회 국정과제 수립 과정에서 나온 '금융감독체계 개편'의 주요 이슈인 '금융위원회 기능 축소'와 '금융감독원 기능의 분리' 등이 국회 상임위를 거치면서 결국 무산됐다. 대신 금융위와 금감원은 '감독 체계... ,http://www.joseilbo.com/news/news_read.php?uid=554196&class=18&grp=,https://n.news.naver.com/mnews/article/123/0002369483?sid=101,"Wed, 08 Oct 2025 07:03:00 +0900"
국정기획위원회,"野, 추석연휴 '李 예능·김현지·이진숙 체포' 여론전 총공세","부속실장의 국정감사 불출석 문제, 이진숙 전 방송통신위원장 체포 사태 등을 두고 총공세를 폈다. 앞서... 국가전산망 마비 사태를 다루는 행정안전위원회와 한미 관세 협상에 관련된 기획재정위... ",https://www.sedaily.com/NewsView/2GZ3JP2MO7,https://n.news.naver.com/mnews/article/011/0004541291?sid=100,"Wed, 08 Oct 2025 07:01:00 +0900"
국정기획위원회,"李정부 4개월, 대선 공약 가속…100조 혁신경제·檢개혁·주택공급","국무회의는 기획재정부 분리, 환경부 에너지 기능 강화, 산업통상부 명칭 변경, 여성가족부 성평등가족부 개칭, 통계청과 특허청 격상, 방송통신위원회 폐지 및 방송미디어통신위원회 신설도 의결했다. 한편 한국 전쟁... ",https://www.news1.kr/politics/president/5934649,https://n.news.naver.com/mnews/article/421/0008527961?sid=100,"Wed, 08 Oct 2025 07:00:00 +0900"
국정기획위원회,"[정치 스파링] 野김채수 &quot;민주당 청년정치, 결국 '울분정치' 머물러 있다...","청년 국정과제에 반영되었습니다. 실제로 청년들의 이야기를 듣고 문제를 해결해본 경험이 있다는 거죠.... &quot;제가 지방선거 기획이나 공천을 정하는 위원회에 속하지 않아서 구체적인 전략 계획을 다 알지는 못하지만, 제가... ",https://www.dailian.co.kr/news/view/1557736/?sc=Naver,https://n.news.naver.com/mnews/article/119/0003010878?sid=100,"Wed, 08 Oct 2025 07:00:00 +0900"
국정기획위원회,"국회, 국정감사에 최태원·정의선·정용진 등 재계 인사 대거 소환","기획재정위원회는 13일 기획재정부 대상 국정감사에 고정욱 롯데지주 사장을 증인으로 불러 저PBR(주가순자산비율) 상황, 자기 주식 과다 보유 경위 등에 관해 묻기로 지난달 30일 의결했다. 한편 증인·참고인으로... ",https://www.newsis.com/view/NISX20251002_0003354173,https://n.news.naver.com/mnews/article/003/0013525052?sid=100,"Wed, 08 Oct 2025 06:00:00 +0900"
국정기획위원회,여가부→성평등가족부 '기사회생'…의미와 과제는?,정부조직 개편 밑그림을 그린 국정기획자문위원회에 몸담았던 민주당 김남희 의원도 &quot;예산이 조금 늘긴 했지만 (주로) 가족 지원 쪽 예산이 늘어난 것 같다&quot;며 &quot;최근 화두가 된 여성안전이슈 등에 대응하는 사령탑... ,https://www.nocutnews.co.kr/news/6409952?utm_source=naver&utm_medium=article&utm_campaign=20251008092052,https://n.news.naver.com/mnews/article/079/0004073362?sid=100,"Wed, 08 Oct 2025 05:01:00 +0900"
국정기획위원회,한국은행 전시회에 친일 논란 작가 작품들이 1년째 나란히,"7일 국회 기획재정위원회 소속 차규근 의원(조국혁신당)에 따르면, 한은은 지난해 10월부터 화폐박물관에서... 한다&quot;며 &quot;국정감사에서 친일 논란 작가 미술 작품 처분에 대한 입장을 물을 것&quot;이라고 예고했다. [김인승의... ",https://www.tfmedia.co.kr/news/article.html?no=196270,https://www.tfmedia.co.kr/news/article.html?no=196270,"Tue, 07 Oct 2025 23:08:00 +0900"
국정기획위원회,"디지털에서 AI로, 다시 살펴볼 보완점","19.).국정목표 발표 이전부터도 AI 혁신에 관한 신정부의 행보가 이어져 왔다.민간 출신의 전문가를 AI미래기획수석으로 임명하고, G7 정상회의에 참석해서도 AI에 대한 관심을 내비쳤으며, AI 대전환에 대한... ",http://www.ifs.or.kr/bbs/board.php?bo_table=News&wr_id=55290,http://www.ifs.or.kr/bbs/board.php?bo_table=News&wr_id=55290,"Tue, 07 Oct 2025 20:56:00 +0900"
국정기획위원회,"한국은행, 친일 논란 작가 작품 1년째 전시…10여점 소장 사실도 드러나",7일 국회 기획재정위원회 소속 조국혁신당 차규근 의원이 공개한 자료에 따르면 한은은 지난해 10월부터... 감정을 고려해야 한다”며 “국정감사에서 친일 논란 작가 미술 작품 처분에 대한 입장을 물을 것”이라고 말했다.,https://biz.heraldcorp.com/article/10590068?ref=naver,https://n.news.naver.com/mnews/article/016/0002539522?sid=101,"Tue, 07 Oct 2025 20:50:00 +0900"
국정기획위원회,한은 전시회에 친일 논란 작가 작품들이 1년째 나란히,"7일 국회 기획재정위원회 소속 조국혁신당 차규근 의원에 따르면, 한은은 지난해 10월부터 화폐박물관에서... 감정을 고려해야 한다&quot;며 &quot;국정감사에서 친일 논란 작가 미술 작품 처분에 대한 입장을 물을 것&quot;이라고 말했다.",https://www.yna.co.kr/view/AKR20251004043300002?input=1195m,https://n.news.naver.com/mnews/article/001/0015667692?sid=102,"Tue, 07 Oct 2025 20:19:00 +0900"
이재명,"[속보] 민주당 “국민의힘, 독버섯처럼 고개 쳐들어…청산·개혁 연내 마...",더불어민주당이 이재명 대통령의 예능 프로그램 출연 등을 빌미로 공세 수위를 높이는 국민의힘을 향해 “독버섯처럼 고개를 쳐들고 올라오고 있다”며 강하게 비판했다. 박수현 수석대변인은 8일 국회에서 열린... ,https://www.kyeonggi.com/article/20251008580065,https://n.news.naver.com/mnews/article/666/0000084960?sid=100,"Wed, 08 Oct 2025 13:38:00 +0900"
이재명,‘냉정하길 부탁해’…이재명 대통령 예능 출연 여야 공방,백승아 더불어민주당 원내대변인(국회의원·비례)이 이재명 대통령 부부의 예능 프로그램(냉장고를 부탁해)... 앞서 주 의원은 지난 7일 자신의 페이스북에 “이재명 피자? K(케이)푸드 해외 홍보용이 아니라 국내 홍보용.... ,https://www.hani.co.kr/arti/politics/politics_general/1222445.html,https://n.news.naver.com/mnews/article/028/0002769929?sid=100,"Wed, 08 Oct 2025 13:38:00 +0900"
이재명,'냉부해' 설전 격화···야 &quot;이 대통령 사과하라&quot; vs 여 &quot;장동혁 대표 ...,"이재명 대통령 부부가 국가정보자원관리원 화재 이틀 뒤 녹화에 출연한 JTBC 예능 '냉장고를 부탁해' 특집... 이를 두고, 송언석 국민의힘 원내대표는 &quot;국가적 재난 앞에서 이재명 대통령의 대응 매뉴얼은 '먹방'과 '예능... ",https://www.kado.net/news/articleView.html?idxno=2009481,https://n.news.naver.com/mnews/article/654/0000145324?sid=100,"Wed, 08 Oct 2025 13:36:00 +0900"
이재명,국힘 &quot;추석 민심 李에 레드카드…힘으로 누르면 심판 피할 수 없을 것&quot;,"국민의힘은 8일 &quot;추석 민심은 이재명 정권에 레드카드를 빼 들었다&quot;라고 했다. 최은석 원내수석대변인은... 그는 &quot;그런데도 이재명 정권은 대통령실 안방마님 김현지 부속실장 비호와 이진숙 전 방통위원장 강압 체포, 야당... ",https://www.newsis.com/view/NISX20251008_0003356681,https://n.news.naver.com/mnews/article/003/0013525281?sid=100,"Wed, 08 Oct 2025 13:36:00 +0900"
이재명,"배현진, 李대통령 예능 출연 논란에 &quot;내로남불 어찌나 당당한지...2022년...",배현진 국민의힘 의원.(사진_배현진 의원실) 배현진 국민의힘 의원은 8일 이재명 대통령의 예능 프로그램 출연에 대해 &quot;내로남불이 어찌나 당당한지 항마력이 달린다&quot;며 강도 높게 비판했다. 배 의원은 7일 자신의 SNS를... ,https://www.sisamagazine.co.kr/news/articleView.html?idxno=518905,https://www.sisamagazine.co.kr/news/articleView.html?idxno=518905,"Wed, 08 Oct 2025 13:32:00 +0900"
이재명,"민주당, 국민의힘 향해 “독버섯처럼 고개를 쳐들고 올라와” 비난","李 대통령 예능 출연 등 비판하자… “설거지 하는데 소음 없겠나” “사법개혁안, 10월 중순 발표” 이재명 대통령의 예능 출연 등을 놓고 공격 수위를 높이는 국민의힘을 겨냥해 더불어민주당이 “독버섯처럼 고개를... ",https://biz.chosun.com/policy/politics/2025/10/08/Y2KH7FIZ6NGI3IZ5H5CHDENE4Q/?utm_source=naver&utm_medium=original&utm_campaign=biz,https://n.news.naver.com/mnews/article/366/0001113175?sid=100,"Wed, 08 Oct 2025 13:30:00 +0900"
이재명,"[ 인터뷰 ] 작은 모자의 힘, 글로벌 무대까지 혁신을 디자인하다",마스가 모자뿐만 아니라 이번 한미정상회담에서 이재명 대통령이 트럼프 대통령 부부에게 선물한 '카우보이... 마스가 모자뿐만 아니라 이번 한미정상회담에서 이재명 대통령이 트 럼프 대통령 부부에게 선물한 '카우보이... ,https://www.sisamagazine.co.kr/news/articleView.html?idxno=518891,https://www.sisamagazine.co.kr/news/articleView.html?idxno=518891,"Wed, 08 Oct 2025 13:27:00 +0900"
이재명,냉부해 '이재명 피자' 대통령 홍보 논란…TV조선 &quot;방송 후에도 공방&quot;,이재명 대통령 부부가 국가정보자원관리원 화재 직후 JTBC '냉장고를 부탁해'에 촬영한 내용이 지난 6일 밤... 화재 이후 예능프로그램에 꼭 나가야 했느냐는 논란 외에도 방송 내용에 '이재명 피자'가 등장하는 등 홍보성... ,https://www.mediatoday.co.kr/news/articleView.html?idxno=329274,https://n.news.naver.com/mnews/article/006/0000132154?sid=100,"Wed, 08 Oct 2025 13:24:00 +0900"
이재명,이재명 대통령 부부 예능 출연 두고 여야 공방...법적 다툼까지 번져,|중앙이코노미뉴스 송태원 기자|JTBC 예능 '냉장고를 부탁해'에 출연한 이재명 대통령[사진=JTBC] 추석 연휴 기간 내내 정치권이 이재명 대통령 부부의 예능 프로그램 출연을 두고 공방을 이어가고 있다. 이 대통령 부부는... ,https://www.joongangenews.com/news/articleView.html?idxno=456055,https://www.joongangenews.com/news/articleView.html?idxno=456055,"Wed, 08 Oct 2025 13:22:00 +0900"
이재명,"野 “국가 멈춘 날, 李대통령 예능 찍어…‘이천화재 떡볶이먹방’과 판...",송언석 국민의힘 원내대표가 8일 이재명 대통령 부부의 예능 프로그램 출연 논란과 관련해 “국가가 마비된... 앞에서 이재명 대통령의 대응 매뉴얼은 ‘먹방’과 ‘예능 출연’인가”라고 했다. 송 원내대표는 “화재... ,https://www.chosun.com/politics/politics_general/2025/10/08/AGFEWTKKOFB63I4IJIQVLERYYE/?utm_source=naver&utm_medium=referral&utm_campaign=naver-news,https://n.news.naver.com/mnews/article/023/0003933386?sid=100,"Wed, 08 Oct 2025 13:21:00 +0900"
이재명,"민주당 &quot;10일 또는 15일 민생처리 본회의 제안‥개혁, 담대하게 조용히...",박수현 수석대변인은 오늘 기자간담회를 통해 &quot;연휴 간 국민의힘이 민생을 내팽개치고 이재명 대통령의 '냉장고를 부탁해' 예능 출연을 두고 싸움만 벌이고 있다&quot;며 &quot;국감 시기지만 연휴 직후 본회의를 열어 비쟁점... ,https://imnews.imbc.com/news/2025/politics/article/6763398_36711.html,https://n.news.naver.com/mnews/article/214/0001453800?sid=100,"Wed, 08 Oct 2025 13:16:00 +0900"
이재명,담합 제재·세무조사…공정위·국세청도 고물가에 칼 빼 든다,"가맹본부, 가공식품 업체 등 생활물가 밀접 업종 55개 업체를 상대로 세무조사에 착수했습니다. 앞서 이재명 대통령은 지난달 30일 국무회의에서 강한 어조로 &quot;물가 안정이 곧 민생 안정&quot;이라며 대응을 주문했습니다.",http://www.yonhapnewstv.co.kr/MYH20251008131519UrV,https://n.news.naver.com/mnews/article/422/0000788945?sid=101,"Wed, 08 Oct 2025 13:16:00 +0900"
이재명,"민주당, &quot;대통령 예능 출연은 K-푸드 산업화 목적&quot;","▲'JTBC 예능 프로그램'냉장고를 부탁해'(냉부해) 추석 특집 ,이재명 대통령 부부가 출연 (사진=JTBC엔터테인먼트 유튜브 캡쳐) 더불어민주당 부승찬 대변인이 서면브리핑을 통해 국민의힘의 '잃어버린 48시간' 주장에 대해... ",https://www.gukjenews.com/news/articleView.html?idxno=3396481,https://www.gukjenews.com/news/articleView.html?idxno=3396481,"Wed, 08 Oct 2025 13:14:00 +0900"
이재명,與 “국민의힘은 독버섯”…발언 논란,더불어민주당은 국가정보자원관리원 화재 때 이재명 대통령이 예능에 출연했다며 비판하고 있는 국민의힘에 대해 ‘독버섯’이라는 표현까지 쓰며 거칠게 비난하고 나섰다. 박수현 당 수석대변인은 8일 국회에서 연... ,https://www.dt.co.kr/article/12021848?ref=naver,https://n.news.naver.com/mnews/article/029/0002986064?sid=100,"Wed, 08 Oct 2025 13:12:00 +0900"
이재명,16조 빚 탕감하는 ‘새도약기금’…논란 딛고 재기 발판될까,이재명정부도 최근 채무조정 제도인 ‘새도약기금’을 출범시켰다. 7년 이상 5000만원 이하인 연체채권을 일괄 매입해 채무자 상환능력에 따라 소각 또는 채무조정을 진행하는 방식으로 이달부터 1년간 업권별로 대상... ,https://www.segye.com/newsView/20251008503743?OutUrl=naver,https://n.news.naver.com/mnews/article/022/0004073670?sid=101,"Wed, 08 Oct 2025 13:10:00 +0900"
이재명,與 &quot;민생 팽개친 냉부해 공세&quot;…국힘 &quot;듣기 싫어 귀 막나&quot;,8일에도 이재명 대통령의 예능 프로그램 출연을 두고 공방을 벌였다. 민주당 박수현 수석대변인은 이날 열린... 이어 개혁 과제 등을 설거지에 비유하며 &quot;이재명 정부와 민주당은 설거지해야 할 빈 그릇을 너무 많이... ,https://www.nocutnews.co.kr/news/6410604?utm_source=naver&utm_medium=article&utm_campaign=20251008010544,https://n.news.naver.com/mnews/article/079/0004073411?sid=100,"Wed, 08 Oct 2025 13:06:00 +0900"
이재명,추미애-나경원 충돌 왜…불거지는 ‘송전망 국감’ 충돌,"이재명 대통령은 2040년까지 영호남 전력망을 잇고 해상풍력까지 연결하는 송전망 건설 국책사업인 ‘U’자형... 이재명 정부는 호남 등 지자체에 신재생 건설을 확대할 방침이어서, 송전망이 부족한데 전력 공급 설비는 더... ",http://www.edaily.co.kr/news/newspath.asp?newsid=01410406642330952,https://n.news.naver.com/mnews/article/018/0006134065?sid=101,"Wed, 08 Oct 2025 13:06:00 +0900"
이재명,"곧 '통합돌봄' 시행인데…시군구 절반만 재택의료센터, 울산 등은 0곳","이재명 정부의 국정과제에 담긴 통합돌봄은 노인·장애인 등이 병원이나 시설에 들어가지 않고, 살던 곳에서 의료·요양·돌봄 서비스를 통합적으로 받는 제도를 말한다. 정은경 복지부 장관이 &quot;내년 3월 본사업 시행... ",https://www.joongang.co.kr/article/25372443,https://n.news.naver.com/mnews/article/025/0003474029?sid=102,"Wed, 08 Oct 2025 13:05:00 +0900"
이재명,"국힘 “李 엉터리 타임라인, 이천 화재때와 판박이”…냉부해 연장전 예...",與 “연휴를 정쟁 만들어” 장동혁 대표 고발 野 “예능 아닌 재난현장에 있었어야” 맞불 여야가 일주일 가까이 이어진 추석 연휴 기간 내내 이재명 대통령과 김혜경 여사의 예능 녹화·방영의 적절성을 두고 공방을... ,https://www.mk.co.kr/article/11437112,https://n.news.naver.com/mnews/article/009/0005570086?sid=100,"Wed, 08 Oct 2025 13:05:00 +0900"
이재명,김정섭 &quot;쓸모 생각하며 재다짐&quot;...맹정호 &quot;위기 극복&quot;,아울러 &quot;이재명 대통령이 이념에 치우치지 않고 실사구시 정책을 잘 추진하고 있다. 생각했던 것보다 일을 잘하고 있다&quot;거나 &quot;대산공단 석유화학산업이 어려워서 그런지 지난해 추석 때보다 손님이 많이 줄었다. 서산이... ,https://www.goodmorningcc.com/news/articleView.html?idxno=431687,https://www.goodmorningcc.com/news/articleView.html?idxno=431687,"Wed, 08 Oct 2025 13:04:00 +0900"
이재명,국힘 &quot;국가 마비 중 예능 출연&quot;… 李 대통령 부부 향한 총공세,"국민의힘이 이재명 대통령과 김혜경 여사의 JTBC 예능 프로그램 '냉장고를 부탁해' 출연을 놓고 엿새째 공세... 당초 '냉장고를 부탁해' 이재명 대통령 부부 편은 5일 방영 예정이었으나, 국가정보자원관리원 화재로 인한... ",http://www.seoulwire.com/news/articleView.html?idxno=674270,http://www.seoulwire.com/news/articleView.html?idxno=674270,"Wed, 08 Oct 2025 13:02:00 +0900"
이재명,‘자주파·동맹파’…누가 부질없는 갈등을 부추기나[송종호의 국정쏙...,"10월은 이재명 정부 초반 국정동력을 가를 분수령이 될 것입니다. 윤석열 전 대통령의 비상계엄과 탄핵, 조기... 이재명 대통령이 취임 직후 G7 정상회의 참석 여부를 두고 신중론과 행동론이 맞섰던 때부터 균열 조짐이... ",https://www.sedaily.com/NewsView/2GZ3K1JWLS,https://n.news.naver.com/mnews/article/011/0004541349?sid=100,"Wed, 08 Oct 2025 13:01:00 +0900"
이재명,"[칼럼] 반도체 주도 코스피 3,500 돌파, 증시 새 지평 넘어 구조 개혁 서...","이재명 대통령도 이날 수석보좌관회의를 주재하면서 &quot;이 같은 추세 자체는 그렇게 쉽게 바뀌지 않을 것... 이재명 정부가 내건 '코스피 5,000 시대' 역시 기업 투자와 고용 창출에 우호적인 환경을 조성하는... ",https://www.jeonmae.co.kr/news/articleView.html?idxno=1191130,https://www.jeonmae.co.kr/news/articleView.html?idxno=1191130,"Wed, 08 Oct 2025 13:00:00 +0900"
이재명,&quot;셰프의 손목시계를 확인해라&quot;..이 대통령 ‘냉부해’ 끝없는 논란,이재명 대통령이 국가정보자원관리원 화재로 정부 시스템이 마비된 상황에서 JTBC 예능 프로그램 '냉장고를... 한 시청자는 “이재명 ‘냉장고를 부탁해’ 촬영 시간! 출연진의 손목시계 시간대 포착. 촬영 초반 1시15분... ,http://www.fnnews.com/news/202510081014357925,https://n.news.naver.com/mnews/article/014/0005416879?sid=102,"Wed, 08 Oct 2025 13:00:00 +0900"
이재명,"[속보] 민주당 &quot;국민의힘, 독버섯처럼 고개 쳐들고 올라와…개혁엔 반동...",더불어민주당이 이재명 대통령의 예능 프로그램 출연 등을 빌미로 공세 수위를 높이는 국민의힘을 향해 &quot;독버섯처럼 고개를 쳐들고 올라오고 있다&quot;며 강하게 비판했다. 박수현 민주당 수석대변인은 8일 국회에서 열린... ,https://www.kado.net/news/articleView.html?idxno=2009479,https://n.news.naver.com/mnews/article/654/0000145322?sid=100,"Wed, 08 Oct 2025 13:00:00 +0900"
이재명,‘잔인한 금리’ 포화 맞은 서민대출...2년반만에 연체율 35% 쑥,연 15.9% 서민대출 금리 인하 추진 최근 이재명 대통령이 연 15.9%인 최저 신용자 대출금리를 보고 “잔인하다”며 제도 개선을 주문한 가운데 정책서민 금융 연체율이 35%를 넘어선 것으로 집계됐다. 이 대통령에 이어... ,https://www.mk.co.kr/article/11437110,https://n.news.naver.com/mnews/article/009/0005570084?sid=101,"Wed, 08 Oct 2025 12:58:00 +0900"
이재명,與 “연휴 직후 바로 본회의 열어 비쟁점 민생법안 처리하자”,"이재명 대통령과 여야 당대표 오찬에서 합의됐으나 출범조차 하지 못한 ‘민생경제협의체’를 두고 “그날 회동에서 공개된 여야 대표 발언에서 내란을 두고 첨예한 대립을 보였지만, 바로 이어진 비공개 회동에서는 정말... ",https://biz.heraldcorp.com/article/10590189?ref=naver,https://n.news.naver.com/mnews/article/016/0002539605?sid=100,"Wed, 08 Oct 2025 12:55:00 +0900"
이재명,"&quot;재난 속 먹방…이재명 대통령, 직무유기 논란&quot;","당시 이재명 대통령의 대응을 두고 &quot;국가가 멈춘 날, 대통령은 예능을 찍으며 웃고 있었다&quot;고 강하게... 해당 방송은 '이재명 피자'라는 이름으로 대통령 개인을 홍보하는 내용으로 구성됐으며, 송 원내대표는 &quot;공직자의... ",https://www.gukjenews.com/news/articleView.html?idxno=3396477,https://www.gukjenews.com/news/articleView.html?idxno=3396477,"Wed, 08 Oct 2025 12:54:00 +0900"
이재명,"與 &quot;국힘, 독버섯처럼 고개쳐들어…청산·개혁 연내 마무리&quot;",더불어민주당은 이재명 대통령의 예능 출연 등을 빌미로 공세 수위를 높이는 국민의힘에 대해 &quot;독버섯처럼 고개를 쳐들고 올라오고 있다&quot;고 강하게 비판했다. 박수현 당 수석대변인은 8일 국회에서 연 기자간담회에서... ,https://www.slist.kr/news/articleView.html?idxno=683849,https://www.slist.kr/news/articleView.html?idxno=683849,"Wed, 08 Oct 2025 12:54:00 +0900"
이재명,송언석 &quot;국가적 재난 앞 李대통령 대응 매뉴얼은 예능 출연인가&quot;,"李대통령 부부, 6일 방송된 '냉장고를 부탁해' 출연 송언석 국민의힘 원내대표는 이재명 대통령과 김혜경... 특히 해당 프로그램은 '이재명 피자'라는 이름 아래 대통령 개인을 홍보하는 내용으로 채워졌다&quot;고 바라봤다.... ",https://news.tf.co.kr/read/ptoday/2250636.htm,https://n.news.naver.com/mnews/article/629/0000432536?sid=100,"Wed, 08 Oct 2025 12:52:00 +0900"
이재명,비쟁점 법안 뒷전 비판에... 민주당 &quot;국감 중 본회의 열자&quot;,특히 이재명 대통령의 예능 프로그램 출연 논란이 불거진 뒤 여야 대립이 더욱 격화한 점도 민주당으로선... 해당 협의체는 지난달 8일 이재명 대통령이 여야 지도부를 청와대로 초청한 오찬 회동에서 합의된 사안이지만 첫... ,https://www.meconomynews.com/news/articleView.html?idxno=121203,https://www.meconomynews.com/news/articleView.html?idxno=121203,"Wed, 08 Oct 2025 12:48:00 +0900"
이재명,[뉴스와이드] 대통령 예능 출연 연일 공방...연휴 이후 새 정부 첫 국정...,이재명 대통령의 예능 출연을 둘러싼 공방이 연일 이어지고 있습니다. 이런 가운데 이 대통령은 손가락질과... &lt;질문 1&gt; 이재명 대통령이 어제 SNS를 통해 &quot;손가락질과 오해를 받더라도 국민의 삶에 도움이 된다면 무엇이든... ,http://www.yonhapnewstv.co.kr/MYH20251008124352qRe,https://n.news.naver.com/mnews/article/422/0000788938?sid=100,"Wed, 08 Oct 2025 12:45:00 +0900"
이재명,"정치권, 추석 연휴 '냉부해' 공방...'고발전'으로 번져","그러니까 48시간 동안 이재명 대통령이 아무것도 안 했다. 화재가 났음에도 불구하고 국가원수로서 이 일을... [앵커] 이재명 대통령도 어제 SNS에 글을 올렸습니다. 간, 쓸개 다 내어주고 손가락질과 오해를 감수하더라도... ",https://www.ytn.co.kr/_ln/0101_202510081242320190,https://n.news.naver.com/mnews/article/052/0002256831?sid=100,"Wed, 08 Oct 2025 12:42:00 +0900"
이재명,"野, 강훈식 '수술대 꾀어서 마취' 개혁론에 &quot;국민 수술대 올리냐&quot;",이는 강훈식 대통령실 비서실장이 지난 4일 공개된 유튜브 방송에서 이재명 대통령의 개혁론을 소개하며... 또 &quot;이재명 정권의 소위 개혁은 개딸들이 희망하는 자유민주주의 전복 실험에 불과하다&quot;라고도 했다. 그는 &quot;그들은... ,https://www.news1.kr/politics/assembly/5935854,https://n.news.naver.com/mnews/article/421/0008528157?sid=100,"Wed, 08 Oct 2025 12:41:00 +0900"
이재명,"또 다시 죽음 부른 현대차 전주공장… &quot;반복되는 인재(人災), 책임은 누...",민주노총은 &quot;이재명 대통령이 '충분히 예측되는 추락사고는 미필적 고의에 의한 살인에 가깝다'고 말했지만 산업현장의 안전 불감증은 여전하다&quot;며 &quot;이번 사건을 계기로 정부가 단호한 조치를 보여야 한다&quot;고 촉구하고... ,https://www.industrynews.co.kr/news/articleView.html?idxno=72485,https://www.industrynews.co.kr/news/articleView.html?idxno=72485,"Wed, 08 Oct 2025 12:40:00 +0900"
이재명,"與 &quot;국회, 밥값 해야··· 10일이나 15일 본회의 열고 민생法 처리하자...",이재명 정부 출범 후 첫 국정감사는 오는 13일 시작된다. 국회는 국정감사 기간에는 본회의를 열지 않는 것을... 28일 이재명 대통령 부부가 예능 프로그램 '냉장고를 부탁해'를 녹화한 사실을 두고 추석 연휴 기간 공방을... ,http://www.m-i.kr/news/articleView.html?idxno=1289813,http://www.m-i.kr/news/articleView.html?idxno=1289813,"Wed, 08 Oct 2025 12:40:00 +0900"
이재명,"트럼프, 日 다카이치 총재 당선 이틀 만에 축하…“탁월한 지혜와 강인...",이재명 대통령 당선 때는 두달 뒤 축하 메시지 도널드 트럼프 미국 대통령이 다카이치 사나에 일본 자민당... 앞서 트럼프 대통령은 이재명 대통령의 당선 때는 두달 가까이 침묵했었다. 이 대통령이 당선 됐던 대선... ,https://www.chosun.com/international/international_general/2025/10/08/BSW525Z5WRC5HK3YIQCWUYEG2M/?utm_source=naver&utm_medium=referral&utm_campaign=naver-news,https://n.news.naver.com/mnews/article/023/0003933381?sid=104,"Wed, 08 Oct 2025 12:40:00 +0900"
이재명,경기 침체 이 정도?…&quot;연말 특수 기대 안해&quot; 울고 싶은 소매유통,대형마트도 온라인·슈퍼마켓과의 가격 경쟁 속에서 이재명 정부의 민생소비쿠폰 사용처에서 제외된 점이 부담 요인으로 지목됐다. 이에 정부는 오는 29일부터 다음 달 9일까지 국가 단위의 통합 할인 축제인 ‘코리아... ,https://www.joongang.co.kr/article/25372439,https://n.news.naver.com/mnews/article/025/0003474025?sid=101,"Wed, 08 Oct 2025 12:40:00 +0900"
이재명,與 &quot;독버섯처럼 고개쳐드는 국힘…청산·개혁 담대하되 조용히&quot;,&quot;개혁엔 반동 수반…국민 피로감 안 느끼게 민생 챙기며 연내 마무리&quot; 더불어민주당은 이재명 대통령의 예능 출연 등을 빌미로 공세 수위를 높이는 국민의힘에 대해 &quot;독버섯처럼 고개를 쳐들고 올라오고 있다&quot;고 강하게... ,https://www.yna.co.kr/view/AKR20251008020600001?input=1195m,https://n.news.naver.com/mnews/article/001/0015668098?sid=100,"Wed, 08 Oct 2025 12:36:00 +0900"
이재명,이언주 &quot;민생지원금이 물가 자극? 통계로도 안 맞는 정치공세&quot;,이언주 더불어민주당 의원이 이재명 정부 출범 직후 지급된 '전국민 민생회복지원금'이 물가 상승을... 그는 &quot;이재명 정부 들어 부동산과 주식 등 자산시장이 회복세를 보이는 것도 같은 맥락&quot;이라며 &quot;이는 경기 정상화의... ,http://www.seoulwire.com/news/articleView.html?idxno=674265,http://www.seoulwire.com/news/articleView.html?idxno=674265,"Wed, 08 Oct 2025 12:34:00 +0900"
이재명,"연휴 내내 '냉부해'…與 &quot;송구, 이제 밥값하자&quot; 野 &quot;직무유기 희희낙락...","김일창 박기현 기자 = 이재명 대통령 부부의 '냉장고를 부탁해'(냉부해, JTBC, 6일 방송) 출연과 관련한 여야의... 앞에서 이재명 대통령의 대응 매뉴얼은 먹방과 예능 출연이냐&quot;며 &quot;이 대통령은 이번 사태에 대해 국민 앞에... ",https://www.news1.kr/politics/assembly/5935850,https://n.news.naver.com/mnews/article/421/0008528155?sid=100,"Wed, 08 Oct 2025 12:32:00 +0900"
이재명,"&quot;국가 멈춘 날, 대통령 웃고 있었다&quot;... 野, 재난 대응 연일 비판",국힘 &quot;경위 밝혀야&quot; [시장경제=김상현 기자] JTBC '냉장고를 부탁해'에 출연한 이재명 대통령. JTBC 캡처 이재명 대통령의 예능 방송 출연에 대한 논란이 국민의힘을 중심으로 연휴 내내 정치권을 달구고 있다. 송언석... ,https://www.meconomynews.com/news/articleView.html?idxno=121202,https://www.meconomynews.com/news/articleView.html?idxno=121202,"Wed, 08 Oct 2025 12:32:00 +0900"
이재명,野 &quot;국가 마비된 날 李는 예능&quot;... 與 &quot;민생 팽개치고 '냉부해' 싸움만&quot;,송언석 국민의힘 원내대표가 국가정보자원관리원 화재 이틀 뒤 JTBC 예능 '냉장고를 부탁해' 특집 방송 녹화에 참여한 이재명 대통령을 겨냥해 &quot;국가적 재난 앞에서 이재명 대통령의 대응 매뉴얼은 '먹방'과 '예능 출연'인가... ,https://www.hankookilbo.com/News/Read/A2025100812030003785?did=NA,https://n.news.naver.com/mnews/article/469/0000891009?sid=100,"Wed, 08 Oct 2025 12:31:00 +0900"
이재명,李대통령 깜짝 등장... 지드래곤·박찬욱·박지성 등 개런티 없이 APEC 2...,"사진=APEC 홍보영상 특히, 이재명 대통령은 항공기 유도원(마샬러) 역할로 약 2초가량 등장했다. 외교부는 해당 장면에 대해 &quot;혼란을 극복하고 질서 있게 국제사회에 복귀한 대한민국을 은유적으로 표현한 것&quot;이라고... ",https://www.ggilbo.com/news/articleView.html?idxno=1117004,https://www.ggilbo.com/news/articleView.html?idxno=1117004,"Wed, 08 Oct 2025 12:30:00 +0900"
이재명,"[펜앤톡톡] 한국 부자 탈출 러시, 21조 유출...&quot;세금 85%는 상위 10% 몫&quot;","그는 또 &quot;이재명 정부 들어서는 산업재해가 발생하면 구조적 원인보다 '셧다운'부터 시키겠다는 발상을 한다&quot;며 &quot;노란봉투법, 중대재해처벌법이 시행되면서 기업인들은 '운영하다 감옥 갈 수도 있겠다'는 생각을 할... ",https://www.pennmike.com/news/articleView.html?idxno=108780,https://www.pennmike.com/news/articleView.html?idxno=108780,"Wed, 08 Oct 2025 12:28:00 +0900"
이재명,&quot;혁신도시 최적지&quot; 충북도 '공공기관 2차 이전' 유치전,충북도가 이재명 정부 국정과제에 포함된 '공공기관 2차 이전' 에 대응해 본격적인 유치전에 나서고 있다. 8일 도에 따르면 충북 공공기관 유치 시행전략 연구용역을 통해 이전 당위성을 구체화하고 수도권 공공기관... ,https://www.daejonilbo.com/news/articleView.html?idxno=2231142,https://n.news.naver.com/mnews/article/656/0000150487?sid=102,"Wed, 08 Oct 2025 12:25:00 +0900"
이재명,천정부지로 오르는 물가… 공정위·국세청도 칼 빼 든다,이재명 대통령은 지난달 30일 국무회의에서 &quot;물가 안정이 곧 민생 안정&quot;이라며 &quot;일시적이고 단편적인 대응도 해야겠지만 근원적인 물가 회복도 고민해야 한다&quot;고 밝혔다. 이 대통령은 &quot;유통 구조나 비정상적 시스템... ,https://www.newscj.com/news/articleView.html?idxno=3325734,https://www.newscj.com/news/articleView.html?idxno=3325734,"Wed, 08 Oct 2025 12:24:00 +0900"
이재명,[오피니언]시청률 8.9%가 면죄부?…백승아 의원의 '아전인수 정치'와 협...,"더불어민주당 백승아 원내대변인이 이재명 대통령 내외의 예능 프로그램 출연을 옹호하며, 이를 비판한 주진우 의원을 향해 &quot;진짜 홍보대사네요&quot;라며 조롱성 발언을 쏟아냈다. 더불어민주당 백승아 원내대변인이 이재명... ",https://www.fntoday.co.kr/news/articleView.html?idxno=365228,https://www.fntoday.co.kr/news/articleView.html?idxno=365228,"Wed, 08 Oct 2025 12:22:00 +0900"
이재명,"10대 건설사 CEO, 국감 증인 줄소환…“안전관리 부실 도마 위”",이재명 대통령이 취임 이후 반복되는 산업재해에 대해 “면허 취소 검토 등 강력 대응”을 주문하면서 정치권 내 ‘건설사 책임론’이 한층 거세졌다. 국회는 이번 국감에서 건설사들의 안전관리 실태와... ,https://www.geconomy.co.kr/news/article.html?no=308041,https://www.geconomy.co.kr/news/article.html?no=308041,"Wed, 08 Oct 2025 12:18:00 +0900"
이재명,與 “연휴 직후 본회의 열어 70여개 민생법안 처리해야…밥값 하는 정치...,"그러면서 “2024년 12월 3일 비상계엄부터 2025년 6월 3일 대선까지는 내란 대 진압의 시간, 6월 4일 이재명 정부 출범 이후는 개혁 대 반개혁의 시간으로 규정한다”고 했다. 여야가 대통령 부부 출연 예능 프로그램... ",https://www.wikitree.co.kr/articles/1086823,https://www.wikitree.co.kr/articles/1086823,"Wed, 08 Oct 2025 12:16:00 +0900"
국회,"[속보] 민주당 “국민의힘, 독버섯처럼 고개 쳐들어…청산·개혁 연내 마...",박수현 수석대변인은 8일 국회에서 열린 기자간담회에서 “개혁에는 반드시 소음과 반동이 수반된다는 것을 우리는 역사를 통해 잘 알고 있다”며 “지금 국민의힘의 태도는 그 반동의 전형적인 모습”이라고 밝혔다. 그는... ,https://www.kyeonggi.com/article/20251008580065,https://n.news.naver.com/mnews/article/666/0000084960?sid=100,"Wed, 08 Oct 2025 13:38:00 +0900"
국회,"조국, 한강 노벨상 1주년 앞두고 창작자 지원 약속",조국 조국혁신당 비상대책위원장이 지난 달 29일 오전 서울 여의도 국회에서 열린 비상대책위원회 회의에서... 플랫폼도 국회와 정부가 챙겨야 할 과제&quot;라고 주장했다. 그러면서 &quot;국회와 정부는 '문화예술인은 가난하기... ,http://www.00news.co.kr/news/articleView.html?idxno=98006,http://www.00news.co.kr/news/articleView.html?idxno=98006,"Wed, 08 Oct 2025 13:38:00 +0900"
국회,[2025 국감] 3년 넘으면 소멸..잠자는 건보료 환급금 221억,8일 국회 보건복지위원회 서영석 더불어민주당 의원이 국민건강보험공단으로부터 제출받은 자료에... 서영석 더불어민주당 의원이 지난달 17일 서울 여의도 국회의원회관 제3세미나실에서 열린 '행복한 출산을 위한... ,http://www.00news.co.kr/news/articleView.html?idxno=98003,http://www.00news.co.kr/news/articleView.html?idxno=98003,"Wed, 08 Oct 2025 13:38:00 +0900"
국회,‘냉정하길 부탁해’…이재명 대통령 예능 출연 여야 공방,백승아 더불어민주당 원내대변인(국회의원·비례)이 이재명 대통령 부부의 예능 프로그램(냉장고를 부탁해) 출연을 비판한 주진우 국민의힘 의원의 주장을 반박했다. 백 의원은 8일 자신의 페이스북에 “냉부해(냉장고를... ,https://www.hani.co.kr/arti/politics/politics_general/1222445.html,https://n.news.naver.com/mnews/article/028/0002769929?sid=100,"Wed, 08 Oct 2025 13:38:00 +0900"
국회,반려인구 1천500만 시대…올해 동물학대 신고 4천건 넘어,"8일 국회 행정안전위원회 소속 더불어민주당 양부남 의원이 경찰청으로부터 제출받은 자료에 따르면, 올해 1월부터 8월까지 112에 접수된 동물학대 관련 신고는 4291건으로 하루 평균 18건꼴이다. 연도별로는 2021년... ",https://www.incheonilbo.com/news/articleView.html?idxno=1305477,https://www.incheonilbo.com/news/articleView.html?idxno=1305477,"Wed, 08 Oct 2025 13:36:00 +0900"
국회,"제주, 최근 5년간 음주운전으로 25명 사망",민홍철 국회의원(더불어민주당·경남 김해갑)이 8일 경찰청에서 제출받은 자료에 따르면 제주지역은 최근 5년간 1535건의 음주운전 교통사고로 25명이 사망해 사망률은 1.63%로 전국 18개 경찰청 가운데 9번째를... ,http://www.jejunews.com/news/articleView.html?idxno=2221165,http://www.jejunews.com/news/articleView.html?idxno=2221165,"Wed, 08 Oct 2025 13:36:00 +0900"
국회,제주4·3단체 “건국전쟁2 관람 장동혁 대표 규탄”,"이 단체는 “장동혁 대표는 4·3유족과 시민단체의 정중한 요구를 무시한 채 국민의힘 소속 일부 국회의원... 한다”고 국회에 촉구했다. 앞서 장 대표는 7일 정희용 사무총장, 서지영 홍보본부장 등 당직자, 청년... ",https://www.dt.co.kr/article/12021849?ref=naver,https://n.news.naver.com/mnews/article/029/0002986065?sid=102,"Wed, 08 Oct 2025 13:33:00 +0900"
국회,"한소희, SNS발 논란 이번엔 정치권 얽혔다…이준석 '좋아요' &quot;정치 의도...","반성문에는 “이준석 국회의원님, 저의 오해로 인하여 명예훼손과 상처를 드린 점 진심으로 죄송하다”라는 내용이 담겼다. 이에 이 대표는 “이를 참작하기로 했다”면서도 “정치인에게 정견이나 행보에 대해 비판하는... ",https://www.xportsnews.com/article/2062509,https://m.entertain.naver.com/article/311/0001926295,"Wed, 08 Oct 2025 13:32:00 +0900"
국회,"김선교 의원, 농협은행 최근 5년여간 금융사고액 802억 2,102만 원","김선교(국민의힘, 경기 여주시‧양평군) 국회의원. 김선교(국민의힘, 경기 여주시‧양평군) 의원이 농협은행으로부터 제출받은 '농협은행 최근 5년여간 금융사고 적발 현황(2025. 8월까지)'을 분석한 결과... ",http://www.newstown.co.kr/news/articleView.html?idxno=657545,http://www.newstown.co.kr/news/articleView.html?idxno=657545,"Wed, 08 Oct 2025 13:31:00 +0900"
국회,"민주당, 국민의힘 향해 “독버섯처럼 고개를 쳐들고 올라와” 비난",박수현 민주당 수석대변인은 8일 국회에서 기자간담회를 열고 “개혁에는 반드시 소음과 반동이 수반된다는 것을 역사를 통해 잘 알고 있다”며 이 같이 말했다. 그러면서 정권 교체 후 민주당과 정부의 ‘개혁’ 입법... ,https://biz.chosun.com/policy/politics/2025/10/08/Y2KH7FIZ6NGI3IZ5H5CHDENE4Q/?utm_source=naver&utm_medium=original&utm_campaign=biz,https://n.news.naver.com/mnews/article/366/0001113175?sid=100,"Wed, 08 Oct 2025 13:30:00 +0900"
국회,프랑스 또 총리 사임...궁지에 몰린 마크롱 대통령,"조르당 바르델라 당 대표도 “국회를 해산할 것을 촉구한다. 국민이 스스로 선택할 수 있도록 돌아가야 한다”고 강조했다. 마크롱 대통령은 그동안 새로운 선거를 주저해왔지만, 르코르뉘 총리가 최종 협상에 실패할... ",https://www.mk.co.kr/article/11437120,https://n.news.naver.com/mnews/article/009/0005570092?sid=104,"Wed, 08 Oct 2025 13:30:00 +0900"
국회,[ 인터뷰 ] 글로벌 이민·비자 솔루션의 선두주자 이민법인 대양,"국회와 미 의회, 정부 및 관계 기관과 협력하여 E-4 비자 신설을 현실화하고자 합니다.&quot; 이민법인 대양의 목표는 단순히 개별 비자 수속을 돕는 것을 넘어, 국가 차원의 제도 개선을 이끌어내는 것이다. 오는 9월 19일 국회... ",https://www.sisamagazine.co.kr/news/articleView.html?idxno=518893,https://www.sisamagazine.co.kr/news/articleView.html?idxno=518893,"Wed, 08 Oct 2025 13:26:00 +0900"
국회,"해남군, RE100 국가산단 유치 총력…당장 착수 가능 유일한 입지","명현관 해남군수와 관계 공무원들이 수차례 국회와 중앙부처를 방문해 해남군 요구안이 RE100 특별법에... 박지원 국회의원을 비롯한 국회, 중앙부처, 전남도 등과 긴밀히 협의해 나가는 것은 물론 꼭 RE100 국가산단을... ",https://www.kmib.co.kr/article/view.asp?arcid=0028798944&code=61121111&cp=nv,https://n.news.naver.com/mnews/article/005/0001806650?sid=102,"Wed, 08 Oct 2025 13:25:00 +0900"
국회,냉부해 '이재명 피자' 대통령 홍보 논란…TV조선 &quot;방송 후에도 공방&quot;,"박수현 민주당 수석대변인도 페이스북에서 &quot;저는 '애국심'과 '자부심'으로 시청했는데, 장동혁 대표님과 주진우 국회의원님의 생각은 여전히 '대통령의 히히덕거리는 예능프로 출연'에 머물러 계십니까&quot;라고 반문했다.... ",https://www.mediatoday.co.kr/news/articleView.html?idxno=329274,https://n.news.naver.com/mnews/article/006/0000132154?sid=100,"Wed, 08 Oct 2025 13:24:00 +0900"
국회,"K-PEACE 주역 한한국 평화작가, 한글날 기념 '네덜란드 평화지도' 작품 ...","그는 지난 '서울G20 정상회의 개최기념 국회특별전'과 '서울G20 국회의장회의 특별전' 등 국제행사의 초대작가로 선정돼 큰 활약을 한 바 있으며, 뉴욕한국문화원, 주중 베이징한국문화원, 제567돌 한글날... ",https://www.sisamagazine.co.kr/news/articleView.html?idxno=518888,https://www.sisamagazine.co.kr/news/articleView.html?idxno=518888,"Wed, 08 Oct 2025 13:24:00 +0900"
국회,[속보]이진숙 “영등포경찰서 출석요구는 엉터리… 유성서는 절차 지켰...,"반면 영등포경찰서에 대해서는 “8월 12일 첫 출석요구서가 온 뒤 8월에만 세 차례 요구가 이어졌다”며 “당시 변호사 선임이 되지 않았고(선임일 9월 10일), 방송3법 관련 국회 일정과 8월 18~21일 을지훈련으로 출석이... ",https://www.kwnews.co.kr/page/view/2025100813192053544,https://n.news.naver.com/mnews/article/087/0001147099?sid=102,"Wed, 08 Oct 2025 13:23:00 +0900"
국회,이재명 대통령 부부 예능 출연 두고 여야 공방...법적 다툼까지 번져,"더불어민주당은 지난 5일 &quot;한가위에까지 대통령에 대한 허위 사실로 흑색선전을 일삼는 국민의힘에 강력한 유감을 표하고, 주진우 국회의원에 대해서는 즉시 고발 등 강력한 법적 대응을 하겠다&quot;라고 밝힌데 이어 장동혁... ",https://www.joongangenews.com/news/articleView.html?idxno=456055,https://www.joongangenews.com/news/articleView.html?idxno=456055,"Wed, 08 Oct 2025 13:22:00 +0900"
국회,[분석] 국회 &quot;수송부문 탄소배출량 고려한 합리적 세율체계 필요&quot;,"국회예산정책처(처장 지동하)가 최근 기후위기 대응을 위한 조세정책의 역할과 향후 과제를 종합적으로... 수 있는 역할을 명확히 제시하며, 향후 정부와 국회의 정책 논의에 유용한 기초 자료로 활용될 것으로 보인다.",https://www.todayenergy.kr/news/articleView.html?idxno=289708,https://www.todayenergy.kr/news/articleView.html?idxno=289708,"Wed, 08 Oct 2025 13:18:00 +0900"
국회,제주4·3단체 &quot;4·3 왜곡 건국전쟁2 관람 장동혁 대표 규탄&quot;,"이 단체는 &quot;장동혁 대표는 4·3유족과 시민단체의 정중한 요구를 무시한 채 국민의힘 소속 일부 국회의원... 한다&quot;고 국회에 촉구했다. 앞서 장 대표는 7일 정희용 사무총장, 서지영 홍보본부장 등 당직자, 청년 당원들과... ",https://www.yna.co.kr/view/AKR20251008022900056?input=1195m,https://n.news.naver.com/mnews/article/001/0015668118?sid=100,"Wed, 08 Oct 2025 13:18:00 +0900"
국회,與 “국민의힘은 독버섯”…발언 논란,박수현 당 수석대변인은 8일 국회에서 연 기자간담회에서 “(국민의힘이) 독버섯처럼 고개를 쳐들고 올라오고 있다”면서 “개혁엔 반드시 소음과 반동이 수반된다는 것을 우리는 역사를 통해 잘 알고 있다”고 말했다.... ,https://www.dt.co.kr/article/12021848?ref=naver,https://n.news.naver.com/mnews/article/029/0002986064?sid=100,"Wed, 08 Oct 2025 13:12:00 +0900"
국회,"복기왕 의원, 김포공항 계류장 안전 사고 압도적...&quot;안전불감증 심각&quot;",국회 국토교통위원회 더불어민주당 간사를 맡고 있는 복기왕 의원은 &quot;조업 차량은 공항 내 수시로 이동하며 작업 환경도 복잡해 안전 사각지대가 크다&quot;면서 &quot;단순한 사고 통계 관리 차원을 넘어 사고 유형별 맞춤형... ,http://www.newstnt.com/news/articleView.html?idxno=540884,http://www.newstnt.com/news/articleView.html?idxno=540884,"Wed, 08 Oct 2025 13:10:00 +0900"
국회,16조 빚 탕감하는 ‘새도약기금’…논란 딛고 재기 발판될까,"이억원 금융위원장이 지난 1일 서울 중구 한국프레스센터에서 열린 새도약기금 출범식에서 정정훈 한국자산관리공사장, 강준현 국회 정무위 간사 등 참석자들과 국민의례를 하고 있다. 뉴스1 성실 상환자에 대한... ",https://www.segye.com/newsView/20251008503743?OutUrl=naver,https://n.news.naver.com/mnews/article/022/0004073670?sid=101,"Wed, 08 Oct 2025 13:10:00 +0900"
국회,민주당 &quot;연휴 끝났으니 밥값할 때&quot;… 국힘에 본회의 소집 촉구,박수현 민주당 수석대변인은 8일 국회에서 기자간담회를 열고 &quot;민생을 내팽개치고 '냉장고를 부탁해' 같은 사소한 문제로 싸우는 정치를 국민은 어떻게 보겠느냐&quot;며 &quot;연휴가 끝났으니 이제는 밥값 하는 정치를 할 때&quot;라고... ,http://www.seoulwire.com/news/articleView.html?idxno=674266,http://www.seoulwire.com/news/articleView.html?idxno=674266,"Wed, 08 Oct 2025 13:10:00 +0900"
국회,[단독] “KTX 서버개선 30억 헛돈 썼네”…혈세 쓰고도 또 예매 먹통사태,"8일 국회 국토교통위원회 소속 정점식 국민의힘 의원(경남 통영·고성군)이 한국철도공사로부터 제출받은 자료에 따르면 코레일은 지난 2020년 8억원, 2022년 6억 2000만원, 2023년 1000만원, 2025년 15억7400만원 등 총... ",https://www.mk.co.kr/article/11437113,https://n.news.naver.com/mnews/article/009/0005570087?sid=101,"Wed, 08 Oct 2025 13:08:00 +0900"
국회,"軍장성 등 17명, '한미훈련 기밀' 문서 책상에 올려놓고 퇴근","8일 국방부가 국회 국방위원회 소속 국민의힘 강대식 의원실에 제출한 자료에 따르면, 국방부 감사관실은 지난 4월 육·해·공군본부 및 해병대사령부를 대상으로 2025년 국방분야 공직기강 특별점검을 실시했다.감사... ",https://www.asiatoday.co.kr/view.php?key=20251008010001606,https://www.asiatoday.co.kr/view.php?key=20251008010001606,"Wed, 08 Oct 2025 13:08:00 +0900"
국회,與 &quot;민생 팽개친 냉부해 공세&quot;…국힘 &quot;듣기 싫어 귀 막나&quot;,박 수석대변인은 추석 연휴 직후 민생법안 처리를 위한 국회 본회의 개최를 제안했다. 그는 &quot;연휴 직후 바로 국회 본회의를 열고 국민이 애타게 기다리는 70여 개 비쟁점 민생법안부터 처리하자&quot;며 &quot;오늘과 내일 중으로... ,https://www.nocutnews.co.kr/news/6410604?utm_source=naver&utm_medium=article&utm_campaign=20251008010544,https://n.news.naver.com/mnews/article/079/0004073411?sid=100,"Wed, 08 Oct 2025 13:06:00 +0900"
국회,"축구계 오심 논란 다뤄지나, 문진희 심판위원장 국정감사 증인채택",8일 국회 문화체육관광위원회(문체위)에 따르면 문진희 위원장은 오는 27일 대한체육회 등 7개 기관 등에 대한 국정감사 증인으로 채택됐다. 문체위는 앞서 지난달 24일 회의에서 문진희 위원장 등 증인 16명과 참고인 7명에... ,https://www.starnewskorea.com/sports/2025/10/08/2025100810514358579,https://m.sports.naver.com/kfootball/article/108/0003372875,"Wed, 08 Oct 2025 13:06:00 +0900"
국회,추미애-나경원 충돌 왜…불거지는 ‘송전망 국감’ 충돌,"추미애 국회 법제사법위원회 위원장(더불어민주당)과 나경원 국민의힘 의원이 동서울변전소를 둘러싼... 하남 동서울변전소 논란, 왜 불거졌나 추미애 법제사법위원장과 나경원 국민의힘 의원이 국회 법사위에서 여러... ",http://www.edaily.co.kr/news/newspath.asp?newsid=01410406642330952,https://n.news.naver.com/mnews/article/018/0006134065?sid=101,"Wed, 08 Oct 2025 13:06:00 +0900"
국회,한국인 탑승 가자구호선단 나포…“우린 계속 나아갈 것”,연대 단체인 강정친구들과 개척자들은 이날 주한 이스라엘 대사관 앞에서 기자회견을 열고 “주이스라엘 대사관은 구금자를 즉시 면담하고 변호사의 조력을 받을 수 있도록 하라”며 “한국 정부와 국회는 이스라엘의... ,https://www.hani.co.kr/arti/international/arabafrica/1222444.html,https://n.news.naver.com/mnews/article/028/0002769928?sid=104,"Wed, 08 Oct 2025 13:06:00 +0900"
국회,"국힘 “李 엉터리 타임라인, 이천 화재때와 판박이”…냉부해 연장전 예...",8일 박수현 더불어민주당 수석대변인은 국회에서 기자들과 만나 “여야가 ‘냉부해’를 둘러싼 진흙탕 싸움이 극에 달한 상황에서 긴 연휴가 국민께 휴식의 시간이 아니라 오히려 국민 스트레스의 시간이 되지 않으셨는지... ,https://www.mk.co.kr/article/11437112,https://n.news.naver.com/mnews/article/009/0005570086?sid=100,"Wed, 08 Oct 2025 13:05:00 +0900"
국회,에너지 이관된 국회 환노위…추석 연휴에도 국감 준비에 '동분서주',최근 에너지 소관 국회 상임위원회로 확대 개편된 '기후에너지환경노동위원회'가 오는 14일 첫 국정감사를... 환노위 민주당 의원들은 정부조직법 개정안이 국회를 통과한 직후 에너지 공기업들로부터 비공개로 업무보고를... ,https://www.etnews.com/20251008000020,https://n.news.naver.com/mnews/article/030/0003357567?sid=100,"Wed, 08 Oct 2025 13:05:00 +0900"
국회,김정섭 &quot;쓸모 생각하며 재다짐&quot;...맹정호 &quot;위기 극복&quot;,"먼저 김 전 시장은 &quot;'민주당의 역사 1955-2025'를 읽다가 함께 읽을 만한 책들을 서가에서 찾아봤다&quot;며 &quot;저는 1988년 초, 가장 힘들었던 시기의 민주당(당시 평화민주당)에 단체 입당해 중앙당 당직자와 국회 보좌진으로 10년을... ",https://www.goodmorningcc.com/news/articleView.html?idxno=431687,https://www.goodmorningcc.com/news/articleView.html?idxno=431687,"Wed, 08 Oct 2025 13:04:00 +0900"
국회,"“아들, 큰집 왔는데 폰만 볼거야?”…청소년 42%, 스마트폰 없이 못산...","국회 과학기술정보방송통신위원회 소속 이훈기 더불어민주당 의원은 “청소년기의 스마트폰 과의존은 단순한 생활 습관 문제가 아니라 학업 집중력 저하, 정서 발달 지연, 대인관계 단절로 이어질 수 있다”라며... ",https://www.mk.co.kr/article/11437111,https://n.news.naver.com/mnews/article/009/0005570085?sid=102,"Wed, 08 Oct 2025 13:04:00 +0900"
국회,액상형 전자담배도 규제 안으로…“제세부담금 한시적 50% 감면 검토”,액상형 전자담배의 원료인 합성니코틴을 담배로 규정하는 담배사업법 개정안이 국회 통과를 앞두고 있다. 국회 기획재정위원회는 지난달 25일 전체회의에서 담배의 정의를 기존 ‘연초의 잎’에서 ‘연초’ 또는... ,https://www.hani.co.kr/arti/economy/economy_general/1222443.html,https://n.news.naver.com/mnews/article/028/0002769926?sid=101,"Wed, 08 Oct 2025 13:02:00 +0900"
국회,‘자주파·동맹파’…누가 부질없는 갈등을 부추기나[송종호의 국정쏙...,"6월 4일 오전 6시 21분 임기를 시작한 이 대통령은 국회 로텐더홀에서 단출하게 취임했습니다. 취임선서에서 그는 민생과 경제를 최우선 과제로 제시하며, &quot;낡은 이념은 이제 역사의 박물관으로 보내자. 박정희 정책도... ",https://www.sedaily.com/NewsView/2GZ3K1JWLS,https://n.news.naver.com/mnews/article/011/0004541349?sid=100,"Wed, 08 Oct 2025 13:01:00 +0900"
국회,이재정 &quot;재외동포청 출범 2년에도 동포전담 주재관 파견 없어&quot;,&quot;동포청 출범 취지 무색&quot;…외교부 '영사 업무와 중복' 반대입장 재외동포청이 출범한 지 2년이 지났음에도 해외 공관에 동포 업무를 전담할 인력을 한 명도 주재시키지 못해 제도 개선이 필요하다고 국회 외교통일위원회... ,https://www.yna.co.kr/view/AKR20251008017100001?input=1195m,https://n.news.naver.com/mnews/article/001/0015668104?sid=100,"Wed, 08 Oct 2025 13:00:00 +0900"
국회,"[속보] 민주당 &quot;국민의힘, 독버섯처럼 고개 쳐들고 올라와…개혁엔 반동...",박수현 민주당 수석대변인은 8일 국회에서 열린 기자간담회에서 &quot;개혁에는 반드시 소음과 반동이 수반된다는 것을 우리는 역사를 통해 잘 알고 있다&quot;며 &quot;지금 국민의힘의 태도는 그 반동의 전형적인 모습&quot;이라고 밝혔다. 박... ,https://www.kado.net/news/articleView.html?idxno=2009479,https://n.news.naver.com/mnews/article/654/0000145322?sid=100,"Wed, 08 Oct 2025 13:00:00 +0900"
국회,"경마장, 젊은층 떠나고 50~70대가 주류… 윤준병 &quot;경마는 '도박' 인식, 건...",8일 국회 농해수위 소속 더불어민주당 윤준병 의원(정읍·고창)은 한국마사회로부터 제출받은 경마이용자 현황자료를 분석한 결과 경마가 건전한 스포츠 및 국민의 여가선용으로 자리잡기에는 갈 길이 먼... ,https://www.ddaily.co.kr/page/view/2025100811554566971,https://n.news.naver.com/mnews/article/138/0002206602?sid=103,"Wed, 08 Oct 2025 13:00:00 +0900"
국회,"윤준병 의원, 경마는 여전히 도박이 주류!","전북특별자치도 정읍시 · 고창군 윤준병 국회의원 (더불어민주당, 국회 농림축산식품해양수산위원회) 이 한국마사회로부터 제출받은 경마이용자 현황자료를 분석한 결과 경마가 건전한 스포츠 및 국민의... ",https://www.livesnews.com/news/article.html?no=55146,https://www.livesnews.com/news/article.html?no=55146,"Wed, 08 Oct 2025 12:58:00 +0900"
국회,‘잔인한 금리’ 포화 맞은 서민대출...2년반만에 연체율 35% 쑥,8일 국회 정무위원회 소속 이강일 더불어민주당 의원이 서민금융진흥원에서 제출받은 자료에 따르면 불법사금융 예방대출(옛 소액생계비대출) 연체율은 2023년 말 11.7%에서 올해 8월 기준 35.7%로 24%포인트 급등했다.... ,https://www.mk.co.kr/article/11437110,https://n.news.naver.com/mnews/article/009/0005570084?sid=101,"Wed, 08 Oct 2025 12:58:00 +0900"
국회,구자근 의원 &quot;고압·LPG 불법행위 매년 반복⋯단속 인력 턱없이 부족&quot;,"8일 국회 산업통상자원중소벤처기업위원회 소속 국민의힘 구자근(구미갑) 의원이 한국가스안전공사로부터 제출받은 자료에 따르면, 최근 5년간 고압·LPG 무허가 충전·판매, 불법 가스용품 유통, 미허가·미신고 영업... ",https://www.kbmaeil.com/article/20251008500059,https://www.kbmaeil.com/article/20251008500059,"Wed, 08 Oct 2025 12:56:00 +0900"
국회,與 “연휴 직후 바로 본회의 열어 비쟁점 민생법안 처리하자”,8일 국회에서 가진 기자간담회에서 추석 연휴 청취한 민심을 설명하고 있다. [연합] [헤럴드경제=주소현 기자]... 박수현 민주당 수석대변인은 이날 국회에서 기자간담회를 열고 “연휴 직후 바로 본회의를 열어 국민이... ,https://biz.heraldcorp.com/article/10590189?ref=naver,https://n.news.naver.com/mnews/article/016/0002539605?sid=100,"Wed, 08 Oct 2025 12:55:00 +0900"
국회,"與 &quot;국힘, 독버섯처럼 고개쳐들어…청산·개혁 연내 마무리&quot;",박수현 당 수석대변인은 8일 국회에서 연 기자간담회에서 &quot;개혁엔 반드시 소음과 반동이 수반된다는 것을 우리는 역사를 통해 잘 알고 있다&quot;며 이같이 말했다. 박 수석대변인은 이 대통령 취임 후 지금까지의 정국을 '개혁... ,https://www.slist.kr/news/articleView.html?idxno=683849,https://www.slist.kr/news/articleView.html?idxno=683849,"Wed, 08 Oct 2025 12:54:00 +0900"
국회,"강원도 학생 비만군 비율 33%, 전국 4위","박희승 국회의원이 교육부에서 제출받은 자료에 따르면 지난해 강원도내 초.중.고 학생 3천 6백여 명의 검사 결과 과체중 11.5%, 비만 21.6%로 과체중 이상 비만군이 33%에 달했습니다. 이는 전남 34.6%, 제주 34.5%, 경북... ",https://www.mbceg.co.kr/post/129774,https://www.mbceg.co.kr/post/129774,"Wed, 08 Oct 2025 12:52:00 +0900"
국회,"가상자산 거래, 상위 10%가 91% 독식… 시장 쏠림 심각","8일 국회 정무위원회 소속 국민의힘 이헌승 의원실이 금융감독원으로부터 제출받은 자료에 따르면, 2024년부터 2025년 6월까지 국내 5대 가상자산거래소(업비트, 빗썸, 코인원, 코빗, 고팍스)에서 상위 10% 투자자의... ",https://www.pinpointnews.co.kr/news/articleView.html?idxno=383286,https://www.pinpointnews.co.kr/news/articleView.html?idxno=383286,"Wed, 08 Oct 2025 12:52:00 +0900"
국회,용적률 더 주고 신축매입임대 혜택까지 준다고?…힘받는 모듈러 주택,모듈러 매입임대 시범사업 내년 가격산정안 마련·시행 용적률 추가안 국회 발의도 짦은 공사 기간 안에... 여기에 현재 국회 발의로 추진 중인 모듈러 주택 용적률 완화가 초미의 관심사다. 모듈러 주택 인정 제도와... ,https://www.mk.co.kr/article/11437106,https://n.news.naver.com/mnews/article/009/0005570080?sid=101,"Wed, 08 Oct 2025 12:50:00 +0900"
국회,잠복 결핵 양성 판정자 절반 이상 치료 없이 입대…병무청 “추적관리 ...,"국회 국방위원회 소속 국민의힘 임종득 의원(경북 영주·영양·봉화)이 병무청으로부터 제출받은 자료에 따르면, 2020년부터 2024년까지 매년 입영 대상자 잠복 결핵검사 결과 전체 검사자 중 1~2%가 꾸준히 양성 판정을 받은... ",https://biz.heraldcorp.com/article/10590187?ref=naver,https://n.news.naver.com/mnews/article/016/0002539604?sid=100,"Wed, 08 Oct 2025 12:50:00 +0900"
국회,"구미시, '제9회 향문화 대제전' 개최…'도리사에서 천년향 피어나다'","경상북도와 구미시의 후원, 아도문화진흥원 주관으로 열린 이번 행사에는 구미시장을 비롯해 경상북도 행정부지사, 국회의원, 구미시의장, 도·시의원과 시민 등 500여 명이 참석했다. 이번 대제전은 신라 눌지왕 시절... ",https://www.sisamagazine.co.kr/news/articleView.html?idxno=518903,https://www.sisamagazine.co.kr/news/articleView.html?idxno=518903,"Wed, 08 Oct 2025 12:48:00 +0900"
국회,비쟁점 법안 뒷전 비판에... 민주당 &quot;국감 중 본회의 열자&quot;,여의도 국회에서 열린 최고위원회의에 참석하고 있다. 연합뉴스 더불어민주당이 이른바 '민생 법안' 처리 문제를 놓고 고심을 거듭하고 있다. 여야의 정쟁 속에 비쟁점 법안이 뒷전으로 밀리고 있다는 비판이 커지지만... ,https://www.meconomynews.com/news/articleView.html?idxno=121203,https://www.meconomynews.com/news/articleView.html?idxno=121203,"Wed, 08 Oct 2025 12:48:00 +0900"
국회,"인천시, 고려 수도 강화도에 '국립박물관' 건립 추진","시는 가칭 '국립강화고려박물관' 건립을 위해 올해 4월 강화군과 공동으로 범국민 서명운동에 돌입한데 이어, 지난 7월과 9월에는 각각 국민의힘 배준영 국회의원, 더불어민주당 김교흥 국회의원과 함께 국회에서 관련... ",https://www.jeonmae.co.kr/news/articleView.html?idxno=1191129,https://www.jeonmae.co.kr/news/articleView.html?idxno=1191129,"Wed, 08 Oct 2025 12:48:00 +0900"
기재위,액상형 전자담배도 규제 안으로…“제세부담금 한시적 50% 감면 검토”,기재위는 합성니코틴 제조·유통 관련 영세 사업자들의 초기 부담을 경감하기 위해 정부가 제세부담금을... 이에 대해 기재부 관계자는 지난달 22일 기재위 경제재정소위원회에서 “기재부는 50% 정도 감면하는 방안을... ,https://www.hani.co.kr/arti/economy/economy_general/1222443.html,https://n.news.naver.com/mnews/article/028/0002769926?sid=101,"Wed, 08 Oct 2025 13:02:00 +0900"
기재위,“지난해 금융배출량 1억5200만t…목표감축치 1020만t 웃돌아”,기재위 차규근 조국혁신당 의원실 자료 한국은행 2030년 금융배출량 35% 감축 목표 970만t→550만t…연간 감축폭도 줄어들어 빨간색 불이 켜져 있는 서울 중구 한국은행 인근 신호등 [헤럴드DB] [헤럴드경제... ,https://biz.heraldcorp.com/article/10590132?ref=naver,https://n.news.naver.com/mnews/article/016/0002539582?sid=101,"Wed, 08 Oct 2025 10:27:00 +0900"
기재위,‘배당소득 분리과세’ 국감 핵심 이슈 전망 [미리보는 국감],기재위는 오는 13일부터 30일까지 18일간 기획재정부를 비롯한 국세청 등 외청에 대한 2025년 국정감사를 실시한다. 이번 국감에서는 배당소득 분리과세가 주요 쟁점이 될 것으로 관측된다. 앞서 기재부는 지난 7월... ,https://www.dailian.co.kr/news/view/1557689/?sc=Naver,https://n.news.naver.com/mnews/article/119/0003010900?sid=101,"Wed, 08 Oct 2025 10:01:00 +0900"
임이자,“서울 5선이 경기지사를?” 나경원까지 불러낸 ‘보수 사지’ 경기도 ...,"국회 외교통일위원장인 김석기 의원(경북 경주)과 김정재 의원(경북 포항북구), 송언석 원내대표(경북 김천), 이만희 의원(경북 영천·청도), 기획재정위원장인 임이자 의원(경북 상주·문경) 등이다. 다만 현역인 이철우... ",https://biz.heraldcorp.com/article/10590063?ref=naver,https://n.news.naver.com/mnews/article/016/0002539531?sid=100,"Wed, 08 Oct 2025 06:01:00 +0900"
임이자,&quot;TK 8전8승&quot; 이변 없다는 국힘…&quot;꼭 뚫는다&quot; 전국 석권 나선 與 [미리보...,"지역에선 송언석(3선, 김천) 원내대표와 김석기(3선, 경주)·김정재(3선, 포항북)·이만희(3선, 영천-청도)·임이자(3선, 문경-상주) 의원 등이 잠재적 후보로 꼽힌다. 주호영(6선, 대구 수성갑) 의원은 대구시장과 함께... ",https://www.joongang.co.kr/article/25372416,https://n.news.naver.com/mnews/article/025/0003474004?sid=100,"Wed, 08 Oct 2025 06:00:00 +0900"
박수영,수은 이자 납부도 벅찬 국내 글로벌 기업…한계기업 급증,박수영 국회의원(부산 남구·국민의힘)이 최근 수출입은행에서 받은 ‘최근 5년 수출입은행 한계기업 대출... 박수영 의원은 “글로벌 기업은 수출과 해외 투자 등이 주력 사업이다. 그러나 대다수 기업이 한계에... ,http://www.fnnews.com/news/202510081133501846,https://n.news.naver.com/mnews/article/014/0005416867?sid=101,"Wed, 08 Oct 2025 11:38:00 +0900"
박수영,박수영 의원 &quot;이자 못내는 대기업 '한계기업' 지난해 넘어서&quot;,박수영 국민의힘 의원(부산 남구·기획재정위원회 간사)이 지난 6일 수출입은행에서 받은 '최근 5 년간... 박수영 의원은 &quot;수출과 해외투자 등이 주력인 글로벌 기업들이 한계에 봉착한 것이 수치로 나타났다. 한미... ,https://www.seoulfn.com/news/articleView.html?idxno=608950,https://www.seoulfn.com/news/articleView.html?idxno=608950,"Wed, 08 Oct 2025 08:46:00 +0900"
박수영,"조용필 무료 콘서트 다큐 '조용필, 그날의 기록'","영국에서 날아온 55세 팬 윤정숙 씨, ‘조용필 키즈’로 자란 32세 김슬참 씨, 모녀 3대가 팬으로 이어진 ‘가족덕후’ 박수영 씨 가족, 40년간 봉제업을 하며 조용필의 노래로 버텨온 정영준·조옥순 부부, 뇌종양 투병 중... ",https://enter.etoday.co.kr/news/view/285612,https://enter.etoday.co.kr/news/view/285612,"Wed, 08 Oct 2025 06:30:00 +0900"
박수영,"[추석 민심 르포] ⑥ &quot;보수당에 맡겼더니, 노인과 바다 돼&quot; &quot;민주당 견제...","박 시장 외에는 김도읍 정책위의장, 조경태·이헌승·박수영 의원, 서병수 전 부산시장 등의 이름이 오르내리고 있다. 추석 연휴를 맞아 내년 6월 지방선거를 앞둔 부산 민심을 들어봤다. 남구 대연동에 거주하는 회사원... ",https://www.dailian.co.kr/news/view/1557746/?sc=Naver,https://n.news.naver.com/mnews/article/119/0003010877?sid=100,"Wed, 08 Oct 2025 06:05:00 +0900"
박수영,“화려한 무대 뒤 조용필”…다큐 ‘그 날의 기록’ 공개 [오늘의 프리...,"수십 년 팬 경력을 보유한 엄마, 아뻐와 태교도 조용필 음악으로 한 모태 팬 20대 딸들로 이루어진 이른바 ‘가족덕후’ 박수영 씨(52) 가족. 40년 이상 봉제업에 종사하며 인생의 고비마다 조용필의 노래로 힘을 얻었다는... ",https://www.mk.co.kr/article/11436910,https://m.entertain.naver.com/article/410/0001092918,"Wed, 08 Oct 2025 05:32:00 +0900"
박수영,'2025 조용필 추석 콘서트' 연예인도 감탄...8일 마지막은 다큐,"수십 년 팬 경력을 보유한 엄마, 아뻐와 태교도 조용필 음악으로 한 모태 팬 20대 딸들로 이루어진 이른바 '가족덕후' 박수영 씨(52) 가족. 40년 이상 봉제업에 종사하며 인생의 고비마다 조용필의 노래로 힘을 얻었다는... ",https://www.gukjenews.com/news/articleView.html?idxno=3396254,https://www.gukjenews.com/news/articleView.html?idxno=3396254,"Wed, 08 Oct 2025 00:10:00 +0900"
박수영,콘서트 '조용필 이 순간',"조용필 콘서트 '조용필, 이 순간을 영원히' 살아있는 전설의 모든 것 또한 수십 년 팬 경력을 보유한 부모님과 태교도 조용필 음악으로 한 모태 팬 20대 딸들로 구성된 '가족 덕후' 박수영(52) 씨 가족의 사연도 소개된다.... ",https://www.bntnews.co.kr/article/view/bnt202510070097,https://www.bntnews.co.kr/article/view/bnt202510070097,"Wed, 08 Oct 2025 00:06:00 +0900"
박수영,"&quot;노래하다 죽는다면 행복&quot; 조용필, 영원할 이 순간의 기록","수십 년 팬 경력을 보유한 엄마, 아뻐와 태교도 조용필 음악으로 한 모태 팬 20대 딸들로 이루어진 이른바 '가족덕후' 박수영 씨(52) 가족. 또한 40년 이상 봉제업에 종사하며 인생의 고비마다 조용필의 노래로 힘을... ",https://news.jtbc.co.kr/article/NB12265848?influxDiv=NAVER,https://m.entertain.naver.com/article/437/0000459621,"Tue, 07 Oct 2025 19:40:00 +0900"
박수영,"조용필 '이 순간을 영원히' 특집 다큐, 8일(수) 방송","수십 년 팬 경력을 보유한 엄마, 아뻐와 태교도 조용필 음악으로 한 모태 팬 20대 딸들로 이루어진 이른바 '가족덕후' 박수영 씨(52) 가족. 40년 이상 봉제업에 종사하며 인생의 고비마다 조용필의 노래로 힘을 얻었다는... ",http://enews.imbc.com/News/RetrieveNewsInfo/479289,https://m.entertain.naver.com/article/408/0000283393,"Tue, 07 Oct 2025 18:27:00 +0900"
정태호,&quot;담배 핀 것도 아닌데 세금 내라고요?&quot;…콜라 한 잔도 맘놓고 못 마신다...,국회 기획재정위원회 소속 정태호 더불어민주당 의원은 지난달 24일 국회에서 ‘설탕 과다사용세 토론회’를 열고 입법 방안을 검토했다. 서울의대 가정의학과 윤영호 교수(서울대 건강문화사업단)는 토론회에서 주제... ,https://www.sedaily.com/NewsView/2GZ3JJ304Q,https://n.news.naver.com/mnews/article/011/0004541331?sid=100,"Wed, 08 Oct 2025 11:35:00 +0900"
정태호,‘설탕에 세금 매긴다고?’ 설탕세 논의 4년만에 재점화…“물가부담 전...,더불어민주당 정태호 의원은 지난달 24일 국회 의원회관에서 ‘설탕 과다사용세 토론회’를 진행했다. 정 의원실 관계자는 8일 “토론회 내용을 바탕으로 설탕 과다 사용 피해를 줄이는 방안을 검토하는 중”이라며... ,https://www.donga.com/news/Politics/article/all/20251005/132511057/1,https://n.news.naver.com/mnews/article/020/0003665922?sid=100,"Wed, 08 Oct 2025 08:01:00 +0900"
기재부,액상형 전자담배도 규제 안으로…“제세부담금 한시적 50% 감면 검토”,이에 대해 기재부 관계자는 지난달 22일 기재위 경제재정소위원회에서 “기재부는 50% 정도 감면하는 방안을 검토하고 있다”고 말했다. 무인자판기·온라인 판매 금지…소매점 거리 제한은 2년 유예 합성니코틴 액상형... ,https://www.hani.co.kr/arti/economy/economy_general/1222443.html,https://n.news.naver.com/mnews/article/028/0002769926?sid=101,"Wed, 08 Oct 2025 13:02:00 +0900"
기재부,한국 내년 4월부터 세계국채지수 편입 재확인,기재부는 “내년 4월 실제 편입 전 마지막 공식 리뷰라는 점에서 향후 변동 없이 예정대로 편입이 이행될 것”이라며 “이번 발표를 통해 시장의 예측 가능성이 한층 높아지며 우리 국채 시장의 신뢰와 안정성... ,https://www.dailian.co.kr/news/view/1557802/?sc=Naver,https://n.news.naver.com/mnews/article/119/0003010939?sid=101,"Wed, 08 Oct 2025 13:02:00 +0900"
기재부,"정치권, 추석 연휴 '냉부해' 공방...'고발전'으로 번져","그런데 이중화에 대한 예산, 윤석열 정부가 기재부에서 올린 것 작년에 다 대폭 삭감해서 올렸었거든요. 그런 것들 때문에 지금 이중화가 이루어지지 못해서 복구가 늦어지고 있는 겁니다. 이런 것에 대한 일말의... ",https://www.ytn.co.kr/_ln/0101_202510081242320190,https://n.news.naver.com/mnews/article/052/0002256831?sid=100,"Wed, 08 Oct 2025 12:42:00 +0900"
기재부,천정부지로 오르는 물가… 공정위·국세청도 칼 빼 든다,기재부도 식료품 물가 상승의 원인을 심층 분석하겠다고 밝혔다. 구윤철 부총리 겸 기재부 장관은 지난 2일 경제관계장관회의를 주재하고 &quot;추석 민생안정대책 등으로 농축수산물 가격 오름세는 둔화됐지만 가공식품... ,https://www.newscj.com/news/articleView.html?idxno=3325734,https://www.newscj.com/news/articleView.html?idxno=3325734,"Wed, 08 Oct 2025 12:24:00 +0900"
기재부,"韓, 내년 4월부터 세계국채지수 ‘WGBI’ 편입 확정 ‘재확인’",기재부는 “정부는 앞으로도 금융시장과의 소통을 강화하면서 한국 국채투자 관련 제도와 인프라를 지속적으로 점검·보완해 실제 WGBI 편입이 차질 없이 이루어지도록 만전을 기하겠다”며 “외국인 투자자들이... ,https://economist.co.kr/article/view/ecn202510080011,https://n.news.naver.com/mnews/article/243/0000086086?sid=101,"Wed, 08 Oct 2025 12:09:00 +0900"
기재부,"차규근 의원 “기재부, NXC 물납주식서 128억 원 배당금 받았다”","따르면, 기재부는 넥슨 지주사 NXC로부터 총 127억 8천만 원(약 128억 원)의 배당금을 수령한 것으로... 기재부는 물납 이후 지금까지 세 차례 배당을 받았다. 지난해 4월 34억 1천만 원(주당 4,000원), 12월 42억 6천만 원... ",https://www.sentv.co.kr/article/view/sentv202510080023,https://www.sentv.co.kr/article/view/sentv202510080023,"Wed, 08 Oct 2025 11:54:00 +0900"
기재부,"韓, 내년 4월 WGBI 편입 확정… &quot;시장 신뢰 한층 강화될 것&quot;",기재부는 &quot;이번 발표는 내년 4월 실제 편입 전 마지막 공식 리뷰로 국내 국채시장의 예측 가능성과 안정성을 높이는 계기가 될 것&quot;이라고 전망했다. 이어 &quot;외국인 투자자들이 불편 없이 참여할 수 있도록 제도... ,http://www.seoulwire.com/news/articleView.html?idxno=674261,http://www.seoulwire.com/news/articleView.html?idxno=674261,"Wed, 08 Oct 2025 11:18:00 +0900"
기재부,"차규근 의원 &quot;정부, NXC 주식 배당금 128억 원 수령..무리한 매각 말아야...","따르면, 기재부는 NXC로부터 총 127억8000만 원의 배당금을 수령했다. 해당 지분은... 기재부는 물납 이후 세 차례에 걸쳐 배당금을 수령했다. 지난해 4월 주당 4000원(총... ",http://www.breaknews.com/1152687,http://www.breaknews.com/1152687,"Wed, 08 Oct 2025 11:16:00 +0900"
기재부,"&quot;왜 혈세로 가톨릭 지원&quot;…교황 오는 2027년, 종교전쟁 번진다?","법안은 국무총리를 위원장으로 하고 문체부·기재부 장관이 참여하는 지원 위원회를 만든 뒤 수백억원이 넘는 세금을 지원한다는 내용을 담았는데, 이 지원이 과도하다는 주장이다. 가톨릭 외의 종교계는 반대 움직임을... ",https://www.mt.co.kr/culture/2025/10/08/2025100211235826218,https://n.news.naver.com/mnews/article/008/0005260475?sid=103,"Wed, 08 Oct 2025 11:15:00 +0900"
기재부,"더 이상 연기는 없다…FTSE, 내년 4월 韓 WGBI 합류 재확인",기재부는 “내년 4월 WGBI에 실제로 편입되기 전 FTSE 러셀의 마지막 공식 리뷰”라면서 “올 4월 내놓은 편입 결정을 재차 확정한 점에서 의미가 있다”고 평가했다. 이번 발표로 시장의 예측 가능성이 한층... ,https://www.hankyung.com/article/202510088185i,https://n.news.naver.com/mnews/article/015/0005194366?sid=101,"Wed, 08 Oct 2025 11:01:00 +0900"
기재부,"한국, 내년 4월부터 세계국채지수 'WGBI' 편입 재확인",기재부는 &quot;정부는 앞으로도 금융시장과의 소통을 강화하면서 한국 국채투자 관련 제도와 인프라를 지속적으로 점검·보완해 실제 WGBI 편입이 차질 없이 이루어지도록 만전을 기하겠다&quot;며 &quot;외국인 투자자들이... ,https://www.getnews.co.kr/news/articleView.html?idxno=843727,https://www.getnews.co.kr/news/articleView.html?idxno=843727,"Wed, 08 Oct 2025 10:58:00 +0900"
기재부,박진영 PD 수장 '대중문화교류위' 넥슨-크래프톤-스마일게이트 참여,"정부위원은 10개 관계부처인 ▴문체부, ▴기재부, ▴과기부, ▴외교부, ▴법무부, ▴행안부, ▴농식품부, ▴산업부, ▴복지부, ▴중기부 차관과 대통령실 사회수석으로 구성하며, 민간위원은 7개 분과 ▴대중음악, ▴게임... ",https://www.gametoc.co.kr/news/articleView.html?idxno=102749,https://www.gametoc.co.kr/news/articleView.html?idxno=102749,"Wed, 08 Oct 2025 10:44:00 +0900"
기재부,정부 “세계국채지수 편입 재확인…국채시장 예측 가능성 ↑”,기재부는 “정부는 앞으로도 금융시장과의 소통을 강화하면서 한국 국채 투자 관련 제도와 인프라를 지속적으로 점검·보완해 편입이 차질 없이 이루어지도록 만전을 기하겠다”며 “외국인 투자자들이 불편함 없이... ,https://news.kbs.co.kr/news/pc/view/view.do?ncd=8376510&ref=A,https://n.news.naver.com/mnews/article/056/0012043425?sid=101,"Wed, 08 Oct 2025 10:42:00 +0900"
기재부,韓 내년 4월부터 세계국채지수 ‘WGBI’ 편입 재확인,"기재부 관계자는 “FTSE 러셀이 편입 결정사항을 재차 확정하고 시장 참여자들에게 안내한 것으로, 내년 4월 실제 편입 이전의 마지막 공식 리뷰”라고 했다. 그러면서 “이번 발표를 통해 시장의 예측 가능성이... ",https://www.chosun.com/economy/economy_general/2025/10/08/MX7O2GAA3RF7ZPTMONGM5TQJLM/?utm_source=naver&utm_medium=referral&utm_campaign=naver-news,https://n.news.naver.com/mnews/article/023/0003933366?sid=101,"Wed, 08 Oct 2025 10:38:00 +0900"
기재부,韓 내년 4월부터 세계국채지수 'WGBI' 편입 확인,기재부 &quot;시장 예측 가능성 한층 높아져&quot; 내년 4월로 계획된 한국의 세계국채지수(WGBI) 편입 일정이 예정대로 이뤄질 전망이다. 영국 파이낸셜타임스 스톡익스체인지(FTSE) 러셀은 7일(현지시간) '2025년 9월 FTSE... ,https://www.asiatime.co.kr/article/20251008500004,https://www.asiatime.co.kr/article/20251008500004,"Wed, 08 Oct 2025 10:14:00 +0900"
기재부,"과기부 R&amp;D 예산삭감 진상조사 TF, 전직 장차관까지 줄소환",또 조사 대상을 당시 실질적인 결정 권한을 쥔 기재부 라인까지 확대해야 한다고 지적했다. 이 의원은... 경제수석·기재부 장관 라인에서 기획된 결정&quot;이라고 강조했다 . 이어 &quot;국가 과학기술을 희생시킨 책임은 분명히... ,https://news.mtn.co.kr/news-detail/2025100809584349389,https://news.mtn.co.kr/news-detail/2025100809584349389,"Wed, 08 Oct 2025 10:12:00 +0900"
기재부,‘배당소득 분리과세’ 국감 핵심 이슈 전망 [미리보는 국감],앞서 기재부는 지난 7월 ‘2025년 세제개편안’을 통해 고배당 기업에 대한 배당소득 분리과세를▲2000만원 이하 14% ▲2000만원 초과~3억원 미만 20% ▲3억원 초과 35%로 제안한 바 있다. 이 같은 최고세율을 두고 주식시장... ,https://www.dailian.co.kr/news/view/1557689/?sc=Naver,https://n.news.naver.com/mnews/article/119/0003010900?sid=101,"Wed, 08 Oct 2025 10:01:00 +0900"
기재부,NXP 매각 난항 정부… 3년간 배당금 128억원 받았다,앞서 기재부는 2022년 故 김정주 넥슨 창업주 사망 이후 유가족으로부터 상속세 명목으로 NXC 지분... 기재부는 해당 지분의 가치를 약 4조7000억원으로 평가하고 있다. 이는 비상장주식인 NXC의 순자산가치에... ,https://it.chosun.com/news/articleView.html?idxno=2023092148608,https://it.chosun.com/news/articleView.html?idxno=2023092148608,"Wed, 08 Oct 2025 09:56:00 +0900"
기재부,"李 '고물가 강력 대응' 주문에…공정위·국세청, 칼 빼 든다","이에 구윤철 부총리 겸 기획재정부 장관은 지난 2일 경제관계장관회의에서 “보다 근본적인 먹거리 물가 안정을 위해 기재부, 공정위, 농림축산식품부, 해양수산부 등 관계부처가 협업해 식료품 물가 상승 원인을... ",http://www.kookje.co.kr/news2011/asp/newsbody.asp?code=0200&key=20251008.99099001354,https://n.news.naver.com/mnews/article/658/0000122183?sid=101,"Wed, 08 Oct 2025 09:51:00 +0900"
기재부,한국 내년 4월부터 세계국채지수 'WGBI' 편입 재확인,기재부는 &quot;정부는 앞으로도 금융시장과의 소통을 강화하면서 한국 국채투자 관련 제도와 인프라를 지속적으로 점검·보완해 실제 WGBI 편입이 차질 없이 이루어지도록 만전을 기하겠다&quot;며 &quot;외국인 투자자들이... ,https://www.digitaltoday.co.kr/news/articleView.html?idxno=596010,https://www.digitaltoday.co.kr/news/articleView.html?idxno=596010,"Wed, 08 Oct 2025 09:50:00 +0900"
기재부,한국 내년 4월부터 세계국채지수 'WGBI' 편입 재확인,기재부는 &quot;정부는 앞으로도 금융시장과의 소통을 강화하면서 한국 국채투자 관련 제도와 인프라를 지속적으로 점검·보완해 실제 WGBI 편입이 차질 없이 이루어지도록 만전을 기하겠다&quot;며 &quot;외국인 투자자들이... ,https://www.youthdaily.co.kr/news/article.html?no=198355,https://www.youthdaily.co.kr/news/article.html?no=198355,"Wed, 08 Oct 2025 09:24:00 +0900"
기재부,韓 '내년 4월 세계국채지수 편입' 공식화…기재부 &quot;금융시장 안정&quot;,"기재부는 “FTSE 러셀이 편입 결정사항을 재차 확정하고 시장 참여자들에게 안내한 것으로, 내년 4월 실제 편입 이전의 마지막 공식 리뷰”라며 “이번 발표를 통해 시장의 예측 가능성이 한층 커지며, 우리 국채... ",http://www.kookje.co.kr/news2011/asp/newsbody.asp?code=0200&key=20251008.99099001351,https://n.news.naver.com/mnews/article/658/0000122180?sid=101,"Wed, 08 Oct 2025 09:16:00 +0900"
기재부,"“한국, 내년 4월부터 세계국채지수 WGBI 편입”",기재부는 “정부는 앞으로도 금융시장과의 소통을 강화하면서 한국 국채투자 관련 제도와 인프라를 지속적으로 점검·보완해 실제 WGBI 편입이 차질 없이 이루어지도록 만전을 기하겠다”며 “외국인 투자자들이... ,https://www.busan.com/view/busan/view.php?code=2025100809085067753,https://n.news.naver.com/mnews/article/082/0001348078?sid=101,"Wed, 08 Oct 2025 09:10:00 +0900"
기재부,한국 내년 4월부터 세계국채지수 'WGBI' 편입 재확인,기재부는 &quot;정부는 앞으로도 금융시장과의 소통을 강화하면서 한국 국채투자 관련 제도와 인프라를 지속적으로 점검·보완해 실제 WGBI 편입이 차질 없이 이루어지도록 만전을 기하겠다&quot;며 &quot;외국인 투자자들이... ,http://www.tjb.co.kr/sub0301/bodo/view/id/85852,http://www.tjb.co.kr/sub0301/bodo/view/id/85852,"Wed, 08 Oct 2025 08:58:00 +0900"
기재부,"“고삐 놔주면 횡포 폭리”…고물가에 칼 빼든 이재명 대통령, 공정위 ...","구윤철 부총리 겸 기획재정부 장관은 지난 2일 경제관계장관회의에서 “보다 근본적인 먹거리 물가 안정을 위해 기재부, 공정위, 농림축산식품부, 해양수산부 등 관계부처가 협업해 식료품 물가 상승 원인을... ",https://www.mk.co.kr/article/11437042,https://n.news.naver.com/mnews/article/009/0005570033?sid=101,"Wed, 08 Oct 2025 08:55:00 +0900"
기재부,한국 내년 4월부터 세계국채지수 'WGBI' 편입 재확인(종합),FTSE러셀 반기리뷰…기재부 &quot;시장 예측가능성·국채시장 안정성 제고 기여&quot; 김지연 특파원 이준서 기자... 기재부는 &quot;정부는 앞으로도 금융시장과의 소통을 강화하면서 한국 국채투자 관련 제도와 인프라를... ,https://www.yna.co.kr/view/AKR20251008003951085?input=1195m,https://n.news.naver.com/mnews/article/001/0015667881?sid=104,"Wed, 08 Oct 2025 08:29:00 +0900"
기재부,내년 4월부터 韓 국채시장에 76조 뭉칫돈 들어온다,기재부 관계자는 “이번 발표를 통해 우리 국채 시장의 신뢰도와 안정성이 높아질 것으로 예상된다”며 “한국 국채 투자 관련 제도와 인프라를 지속적으로 점검 보완해 내년 4월 실제 WGBI 편입이 차질 없이... ,https://www.sedaily.com/NewsView/2GZ3KB45GE,https://n.news.naver.com/mnews/article/011/0004541302?sid=101,"Wed, 08 Oct 2025 08:12:00 +0900"
기재부,연이은 해킹에 보안 주목도↑…어느 기업 있을까,"국회 기획재정위원회 김영진 더불어민주당 의원이 기획재정부 및 산하기관에서 제출받은 자료에 따르면, 최근 5년간(2021~2025년 8월) 기재부·국세청·관세청·조달청·통계청·한국재정정보원을 대상으로 탐지된... ",https://www.ajunews.com/view/20251007204035318,https://www.ajunews.com/view/20251007204035318,"Wed, 08 Oct 2025 08:02:00 +0900"
기재부,"FTSE 러셀 &quot;韓, WGBI 내년 4월 편입 재확인&quot; … 금융시장 외국인 재유입...","기재부는 &quot;이번 발표를 통해 시장의 예측 가능성이 한층 높아지며, 우리 국채 시장의 신뢰와 안정성 제고에도 기여할 것으로 예상된다&quot;고 말했다. 이어 &quot;내년 4월 실제 편입 전 마지막 공식 리뷰라는 점에서 향후... ",https://biz.newdaily.co.kr/site/data/html/2025/10/08/2025100800003.html,https://biz.newdaily.co.kr/site/data/html/2025/10/08/2025100800003.html,"Wed, 08 Oct 2025 07:52:00 +0900"
기재부,"“먹거리 물가 급등, 시장 실패”…공정위·국세청, 고물가에 칼 빼 든...","구윤철 부총리 겸 기획재정부 장관은 지난 2일 경제관계장관회의에서 “보다 근본적인 먹거리 물가 안정을 위해 기재부, 공정위, 농림축산식품부, 해양수산부 등 관계부처가 협업해 식료품 물가 상승 원인을... ",https://biz.heraldcorp.com/article/10590092?ref=naver,https://n.news.naver.com/mnews/article/016/0002539543?sid=101,"Wed, 08 Oct 2025 07:38:00 +0900"
기재부,"FTSE 러셀 &quot;韓, WGBI 편입 내년 4월 확정 재확인…국채 시장 신뢰↑&quot;(종합...","기재부는 &quot;FTSE 러셀은 이번 하반기 반기별 검토를 통해 지난해 10월 한국의 WGBI 편입 결정과 지난 4월... 것이 기재부의 입장이다. 기재부는 &quot;이번 발표를 통해 시장의 예측 가능성이 한층 높아지며, 우리 국채... ",https://www.newsis.com/view/NISX20251008_0003356563,https://n.news.naver.com/mnews/article/003/0013525090?sid=101,"Wed, 08 Oct 2025 07:21:00 +0900"
기재부,"&quot;차이나 아웃&quot;…혐한은 싫은데, 혐중은 괜찮을까",지난 3월에는 최상목 당시 경제부총리 겸 기재부 장관이 공식적으로 중국 단체관광객 무비자 정책을 검토한다고 발표했다. 무조건 혐중 우려…“국익에 도움 안돼” [이데일리 김태형 기자] 롯데백화점 면세점에... ,http://www.edaily.co.kr/news/newspath.asp?newsid=01210326642330952,https://n.news.naver.com/mnews/article/018/0006133986?sid=103,"Wed, 08 Oct 2025 07:12:00 +0900"
기재부,&quot;직장인 세금 왜 이렇게 많나요?”…내 월급 지켜내자[영끌 하편],기재부의 ‘2024년 국세 수입 실적’에 따르면 지난해 국세 수입(336조 5000억원) 가운데 법인세수는 62조5000억원인 반면에 직장인이 낸 근로소득세 수입은 64조 2000억원에 달한다. 다만 기재부는 당분간 소득세 개편이나... ,https://www.sedaily.com/NewsView/2GZ3JA1M4W,https://n.news.naver.com/mnews/article/011/0004541294?sid=101,"Wed, 08 Oct 2025 07:01:00 +0900"
기재부,미약한 내수 회복세…수출 리스크도 경기 발목[추석 이후 한국경제①],"신용·체크카드로 지급된 소비쿠폰 약 5조 원 가운데 42.5%가 추가 소비로 이어졌으며, 이는 2020년 긴급재난지원금 효과(26.2~36.1%)보다 높다고 기재부는 설명했다. 물론 산업활동 일부 지표 하락에도 불구하고 현재 경기... ",https://www.newsis.com/view/NISX20251005_0003355738,https://n.news.naver.com/mnews/article/003/0013525082?sid=101,"Wed, 08 Oct 2025 07:00:00 +0900"
기재부,韓 내년 4월부터 WGBI 편입 재확인,"(약 75조원)의 자금이 우리 국채 시장에 유입될 것이라는 전망을 내놓은 바 있다. 기재부는 &quot;이번 발표를 통해 시장의 예측 가능성이 한층 높아지며, 우리 국채 시장의 신뢰와 안정성 제고에도 기여할 것&quot;이라고 밝혔다.",https://view.asiae.co.kr/article/2025100806443562930,https://n.news.naver.com/mnews/article/277/0005662148?sid=101,"Wed, 08 Oct 2025 06:44:00 +0900"
기재부,&quot;韓 내년 4월 세계국채지수 편입&quot; 재확인…예상 비중 2.08%,특히 내년 4월 실제 편입 전 마지막 공식 리뷰라는 점에서 향후 변동 없이 편입이 이행될 것으로 기재부는 보고 있다. 기재부 관계자는 &quot;앞으로도 금융시장과의 소통을 한층 더 강화하면서 한국 국채 투자 관련... ,https://www.etoday.co.kr/news/view/2513285,https://www.etoday.co.kr/news/view/2513285,"Wed, 08 Oct 2025 06:36:00 +0900"
기재부,"FTSE 러셀 &quot;韓, WGBI 편입 내년 4월 확정 재확인&quot;",기재부는 &quot;FTSE 러셀은 이번 하반기 반기별 검토를 통해 지난해 10월 한국의 WGBI 편입 결정과 지난 4월... 기재부는 &quot;앞으로도 금융시장과의 소통을 한층 더 강화하면서 한국 국채 투자 관련 제도와 인프라를 지속... ,https://www.newsis.com/view/NISX20251008_0003356558,https://n.news.naver.com/mnews/article/003/0013525066?sid=101,"Wed, 08 Oct 2025 06:17:00 +0900"
기재부,[방황하는 금융감독 下] '방만·비리·부실' 맛집 오명,당정대(더불어민주당·정부·대통령실)는 기재부의 예산 기능을 떼어내 기획예산처로 분리되는 방안은... 사실이다&quot;며 &quot;기재부를 재정경제부와 기획예산처로 분리하기로 한 조치는 유지된 만큼 형평성 차원에서 금감원... ,https://www.pointdaily.co.kr/news/articleView.html?idxno=272609,https://www.pointdaily.co.kr/news/articleView.html?idxno=272609,"Wed, 08 Oct 2025 06:00:00 +0900"
기재부,李 &quot;고삐 놔주면 폭리&quot;…공정위·국세청도 고물가에 칼 빼 든다,"구윤철 부총리 겸 기획재정부 장관은 지난 2일 경제관계장관회의에서 &quot;보다 근본적인 먹거리 물가 안정을 위해 기재부, 공정위, 농림축산식품부, 해양수산부 등 관계부처가 협업해 식료품 물가 상승 원인을 심층분석하고... ",https://www.yna.co.kr/view/AKR20251007002000002?input=1195m,https://n.news.naver.com/mnews/article/001/0015667744?sid=101,"Wed, 08 Oct 2025 05:53:00 +0900"
기재부,정부는 내리꽂고 서울시는 빚 내고…'민생쿠폰' 재정갈등,"◆서울시 빚은 결국 시민 부담…기재부에도 부당성 지적 지방채 발행은 시민들에게 당장 세금 고지서를 보내지는 않는다. 하지만 이는 잠재적 세금 인상 효과를 낳는다. 빚은 결국 갚아야 하고, 상환 재원은 예산을 통해... ",https://news.tf.co.kr/read/life/2250620.htm,https://n.news.naver.com/mnews/article/629/0000432509?sid=102,"Wed, 08 Oct 2025 00:01:00 +0900"
기재부,"기재부, NXC 상속세 물납주식…배당금 128억 받아","따르면 기재부는 NXC에서 127억8000만원의 배당금을 받았다.지난 2022년 (故)김정주 넥슨 창업주가... 이른다.기재부는 물납 이후 지금까지 세 차례 배당을 받았다. 지난해 4월 34억 1000만원 (주당 4000원), 12월... ",https://www.asiatoday.co.kr/view.php?key=20251007010001578,https://www.asiatoday.co.kr/view.php?key=20251007010001578,"Tue, 07 Oct 2025 23:48:00 +0900"
금융위,정책서민금융 연체율 2년반만에 35% 넘어서,"이 때문에 불법사금융예방대출과 최저신용자 특례보증 출시 당시에도 금리가 지나치게 높다는 비판이 제기됐지만, 금융위는 금리를 더 낮출 경우 상대적으로 신용도가 높은 서민들이 이용하는 상품과 형평성·공정성... ",https://www.econovill.com/news/articleView.html?idxno=714049,https://www.econovill.com/news/articleView.html?idxno=714049,"Wed, 08 Oct 2025 12:10:00 +0900"
금융위,"李대통령 '잔인한 금리' 지적한 서민대출, 2년반만에 연체율 35% 돌파","이 때문에 불법사금융예방대출과 최저신용자 특례보증 출시 당시에도 금리가 지나치게 높다는 비판이 제기됐지만, 금융위는 금리를 더 낮출 경우 상대적으로 신용도가 높은 서민들이 이용하는 상품과 형평성·공정성... ",https://www.tfmedia.co.kr/news/article.html?no=196277,https://www.tfmedia.co.kr/news/article.html?no=196277,"Wed, 08 Oct 2025 11:40:00 +0900"
금융위,도입 2년 반 만에 서민대출 연체율 35% 돌파,"이 때문에 불법사금융예방대출과 최저 신용자 특례 보증 출시 당시에도 금리가 지나치게 높다는 비판이 제기됐지만, 금융위는 금리를 더 낮출 경우 상대적으로 신용도가 높은 서민들이 이용하는 상품과 형평성... ",https://news.kbs.co.kr/news/pc/view/view.do?ncd=8376535&ref=A,https://n.news.naver.com/mnews/article/056/0012043442?sid=101,"Wed, 08 Oct 2025 11:28:00 +0900"
금융위,"금융당국, 적기시정조치 저축은행 경영평가…정상화 순항",8일 금융권에 따르면 금융위원회와 금융감독원은 지난달 SNT저축은행 적기시정조치 유예를 마쳤다.... 적기시정조치 유예는 별도의 의결 절차 없이 금융위 보고를 통해 종료를 결정할 수 있다. 금융당국은 같은 시기에... ,https://www.newsway.co.kr/news/view?ud=2025100810451103863,https://www.newsway.co.kr/news/view?ud=2025100810451103863,"Wed, 08 Oct 2025 10:46:00 +0900"
금융위,[주장] 이재명 정부 규제 개혁의 성공 방안,"규제샌드박스 제도는 세계적인 수준이고, 디지털 규제행정 시스템이 발전되어 있고, 국무조정실, 과기부, 산업부, 중기부, 환경부, 금융위 등 규제개혁 추진체계가 정비돼 있다고 보고 있다. 그러나 규제영향의 실효성... ",https://www.ohmynews.com/NWS_Web/View/at_pg.aspx?CNTN_CD=A0003171671&CMPT_CD=P0010&utm_source=naver&utm_medium=newsearch&utm_campaign=naver_news,https://n.news.naver.com/mnews/article/047/0002490645?sid=100,"Wed, 08 Oct 2025 10:43:00 +0900"
금융위,李 '잔인한 금리' 지적한 서민대출…연체율 35% 넘어,"이 때문에 불법사금융예방대출과 최저신용자 특례보증 출시 당시에도 금리가 지나치게 높다는 비판이 제기됐지만, 금융위는 금리를 더 낮출 경우 상대적으로 신용도가 높은 서민들이 이용하는 상품과 형평성·공정성... ",http://www.yonhapnewstv.co.kr/AKR202510081029397ks,https://n.news.naver.com/mnews/article/422/0000788899?sid=101,"Wed, 08 Oct 2025 10:30:00 +0900"
금융위,"금융당국, 적기시정조치 저축은행 경영평가 돌입…SNT 유예종료",오늘(8일) 금융권에 따르면 금융위원회와 금융감독원은 지난 달 SNT저축은행 적기시정조치 유예를... 적기시정조치 유예는 별도의 의결 절차 없이 금융위 보고를 통해 종료를 결정할 수 있습니다. 금융당국은 같은 시기에... ,http://www.yonhapnewstv.co.kr/AKR20251008102733w0s,https://n.news.naver.com/mnews/article/422/0000788898?sid=101,"Wed, 08 Oct 2025 10:28:00 +0900"
금융위,"정책서민금융 연체율 35% 돌파…정부, 금리 인하 검토 착수",금융위는 그동안 “신용도가 낮을수록 높은 금리가 적용되는 구조상 금리 인하는 형평성 문제를 일으킬 수 있다”는 입장을 보여왔다. 그러나 이 대통령이 “가장 잔인한 영역이 금융”이라며 제도 개선을 주문한... ,https://www.thepowernews.co.kr/view.php?ud=20251008100133248de3f0aa1be_7,https://www.thepowernews.co.kr/view.php?ud=20251008100133248de3f0aa1be_7,"Wed, 08 Oct 2025 10:02:00 +0900"
금융위,서울집값 심상찮네…추가 규제 나올까[대출 더 조인다②],"이억원 금융위원장 역시 &quot;가계부채 안정화 방안에 계속 관심을 갖고 있다&quot;며 &quot;부동산 시장과 가계부채... 신진창 금융위 금융정책국장은 브리핑 당시 이와 관련, &quot;강남3구 주택이 모두 15억원을 넘는 것도 아니고... ",https://www.newsis.com/view/NISX20251002_0003354061,https://n.news.naver.com/mnews/article/003/0013525164?sid=101,"Wed, 08 Oct 2025 10:00:00 +0900"
금융위,"당국, 적기시정조치 저축은행 경영실태 평가 돌입…SNT 유예 종료",8일 금융권에 따르면 금융위원회와 금융감독원은 지난 달 SNT저축은행 적기시정조치 유예를 마쳤다.... 적기시정조치 유예는 별도의 의결 절차 없이 금융위 보고를 통해 종료 여부를 결정할 수 있다. 금융당국은 같은... ,https://www.ebn.co.kr/news/articleView.html?idxno=1681506,https://www.ebn.co.kr/news/articleView.html?idxno=1681506,"Wed, 08 Oct 2025 09:56:00 +0900"
금융위,"서민금융상품 연체율, 2년반 만에 35% 돌파","이 때문에 불법사금융예방대출과 최저신용자 특례보증 출시 당시에도 금리가 지나치게 높다는 비판이 있었지만, 금융위는 금리를 더 낮출 경우 상대적으로 신용도가 높은 서민들이 이용하는 상품과 형평성·공정성... ",https://biz.sbs.co.kr/article_hub/20000264150?division=NAVER,https://n.news.naver.com/mnews/article/374/0000467500?sid=101,"Wed, 08 Oct 2025 09:41:00 +0900"
금융위,구멍 난 금융보안체계…땜질 처방 분주,권대영 금융위원회 부위원장은 지난달 19일 '해킹 대응을 위한 과학기술정보통신부-금융위 합동 브리핑'에서 &quot;보안 투자를 불필요한 비용이나 부차적 업무로 여기는 안이한 자세가 금융권에 있지 않았는지 냉정하게... ,https://www.kbanker.co.kr/news/articleView.html?idxno=221984,https://www.kbanker.co.kr/news/articleView.html?idxno=221984,"Wed, 08 Oct 2025 08:00:00 +0900"
금융위,"'잔인한 금리' 서민대출, 2년 반만에 연체율 35% 돌파","이 때문에 불법사금융예방대출과 최저신용자 특례보증 출시 당시에도 금리가 지나치게 높다는 비판이 제기됐지만, 금융위는 금리를 더 낮출 경우 상대적으로 신용도가 높은 서민들이 이용하는 상품과 형평성... ",https://www.slist.kr/news/articleView.html?idxno=683780,https://www.slist.kr/news/articleView.html?idxno=683780,"Wed, 08 Oct 2025 07:54:00 +0900"
금융위,"금융당국, 금융소비자 보호 강화 공감대...소비자에 미칠 영향은?",국정기획위원회 국정과제 수립 과정에서 나온 '금융감독체계 개편'의 주요 이슈인 '금융위원회 기능 축소'와 '금융감독원 기능의 분리' 등이 국회 상임위를 거치면서 결국 무산됐다. 대신 금융위와 금감원은 '감독 체계... ,http://www.joseilbo.com/news/news_read.php?uid=554196&class=18&grp=,https://n.news.naver.com/mnews/article/123/0002369483?sid=101,"Wed, 08 Oct 2025 07:03:00 +0900"
금융위,"금융당국, 적기시정조치 저축銀 경영평가 시작… 한곳은 유예종료",8일 금융권에 따르면 금융위원회와 금융감독원은 지난 달 SNT저축은행 적기시정조치 유예를 마쳤다.... 적기시정조치 유예는 별도의 의결 절차 없이 금융위 보고를 통해 종료 여부를 결정할 수 있다. 금융당국은 같은... ,https://biz.chosun.com/stock/finance/2025/10/08/GTKXA7XW7VACDHE3M5P3RPL6DA/?utm_source=naver&utm_medium=original&utm_campaign=biz,https://n.news.naver.com/mnews/article/366/0001113149?sid=101,"Wed, 08 Oct 2025 06:39:00 +0900"
금융위,"금융당국, 적기시정조치 저축은행 경영평가 돌입…한곳 유예종료",8일 금융권에 따르면 금융위원회와 금융감독원은 지난 달 SNT저축은행 적기시정조치 유예를 종료했다.... 적기시정조치 유예는 별도의 의결 절차 없이 금융위 보고를 통해 종료를 결정할 수 있다. 금융당국은 같은 시기에... ,https://www.yna.co.kr/view/AKR20251003040600002?input=1195m,https://n.news.naver.com/mnews/article/001/0015667743?sid=101,"Wed, 08 Oct 2025 05:53:00 +0900"
금융위,"李 '잔인한 금리' 지적한 서민대출, 2년반만에 연체율 35% 돌파","이 때문에 불법사금융예방대출과 최저신용자 특례보증 출시 당시에도 금리가 지나치게 높다는 비판이 제기됐지만, 금융위는 금리를 더 낮출 경우 상대적으로 신용도가 높은 서민들이 이용하는 상품과 형평성·공정성... ",https://www.yna.co.kr/view/AKR20251005000200002?input=1195m,https://n.news.naver.com/mnews/article/001/0015667737?sid=101,"Wed, 08 Oct 2025 05:45:00 +0900"
금융위,추석 연휴 끝나면 국정감사 시즌 돌입…금융권 주요 이슈는,8일 국회와 금융권에 따르면 국회 정무위원회는 오는 20일 금융위원회를 시작으로 21일에는 금융감독원 대상 국감을 진행한다. 금융위·금감원의 종합감사는 같은 달 27일 진행될 예정이다. 올해 정무위 국감에서는... ,https://www.getnews.co.kr/news/articleView.html?idxno=843709,https://www.getnews.co.kr/news/articleView.html?idxno=843709,"Wed, 08 Oct 2025 05:00:00 +0900"
금융위,"조직개편, 상처만 남은 이억원 위원장","이억원 금융위원장이 지난달 19일 서울 여의도 중소기업중앙회에서 열린 ‘생산적 금융 대전환 회의’에... 더 난감한 건 이번 개편 과정에서 개편 당사자인 금융위원회와 금융감독원 내부의 목소리가 배제돼, 내부... ",https://www.munhwa.com/article/11538050?ref=naver,https://n.news.naver.com/mnews/article/021/0002741383?sid=101,"Wed, 08 Oct 2025 00:43:00 +0900"
수출입은행,"차규근 의원 “수은 EDCF 청년지역전문가 합격자 증가에 반해, 실제 입행...","서울경제티브이 김정희 기자 조국혁신당 차규근 의원(기획재정위원회)은 7일 수출입은행으로부터 받은 자료에 따르면, 수출입은행 EDCF 청년지역전문가 합격자는 증가하고 있는데에 반해 청년지역전문가 프로그램 이후... ",https://www.sentv.co.kr/article/view/sentv202510080018,https://www.sentv.co.kr/article/view/sentv202510080018,"Wed, 08 Oct 2025 11:58:00 +0900"
수출입은행,"수은, EDCF 청년지역전문가 늘렸지만 입행은 급감","화이트페이퍼, WHITEPAPER(사진=수은)  한국수출입은행이 대외경제협력기금(EDCF) 청년지역전문가 선발 규모를 크게 늘렸지만, 프로그램 참여 후 입행으로 이어지는 사례는 줄고 있는 것으로 나타났다. 7일... ",http://www.whitepaper.co.kr/news/articleView.html?idxno=252921,http://www.whitepaper.co.kr/news/articleView.html?idxno=252921,"Wed, 08 Oct 2025 11:42:00 +0900"
수출입은행,수은 이자 납부도 벅찬 국내 글로벌 기업…한계기업 급증,대한민국의 글로벌 기업 가운데 수출입은행의 대출 이자 비용조차 감당하지 못할 정도로 어려워진 ‘한계기업’ 수가 빠른 속도로 늘어나고 있다. 박수영 국회의원(부산 남구·국민의힘)이 최근 수출입은행에서 받은... ,http://www.fnnews.com/news/202510081133501846,https://n.news.naver.com/mnews/article/014/0005416867?sid=101,"Wed, 08 Oct 2025 11:38:00 +0900"
수출입은행,"KAI, 정권초 또 '민영화설'… 수은 &quot;지분 매각계획 없다&quot;",한국수출입은행(수은)이 한국항공우주산업(KAI)의 지분을 매각할 계획이 없다는 입장을 밝혔다. 8일 국회 기획재정위원회 소속 오기형 더불어민주당 의원실이 제출받은 자료에 따르면 수은은 &quot;현재 KAI 주식 매각계획이... ,https://www.news1.kr/politics/assembly/5933957,https://n.news.naver.com/mnews/article/421/0008528092?sid=100,"Wed, 08 Oct 2025 10:00:00 +0900"
수출입은행,박수영 의원 &quot;이자 못내는 대기업 '한계기업' 지난해 넘어서&quot;,"박수영 국민의힘 의원(부산 남구·기획재정위원회 간사)이 지난 6일 수출입은행에서 받은 '최근 5 년간 수출입은행 한계기업 대출 현황' 자료에 따르면, 영업이익으로 이자 비용을 충당하지 못하는 한계기업은 올해... ",https://www.seoulfn.com/news/articleView.html?idxno=608950,https://www.seoulfn.com/news/articleView.html?idxno=608950,"Wed, 08 Oct 2025 08:46:00 +0900"
수출입은행,3개월 넘긴 KAI 수장 공백 해결 언제쯤?…연내 '불투명',KAI 사장 선임은 통상적으로 방위사업청장 인사와 한국수출입은행장 인선이 이뤄진 뒤 진행된다. 문제는 현재 두 자리 모두 절차가 지연되면서 KAI의 인선도 늦춰지고 있다는 점이다. 유임이 확실시되는 방사청장은... ,https://www.news1.kr/industry/general-industry/5933343,https://n.news.naver.com/mnews/article/421/0008527977?sid=101,"Wed, 08 Oct 2025 07:30:00 +0900"
수출입은행,대미 관세 현실화···수출 다변화로 돌파중,또한 산업은행과 수출입은행의 위기대응 특별 프로그램이 관세 피해 기업의 유동성을 뒷받침할 방침이다. 둘째 바우처의 속도감 있는 집행이다. 산업부와 KOTRA는 관세 대응 수출바우처를 운영한다. 바우처 발급한도를... ,http://www.joseilbo.com/news/news_read.php?uid=554195&class=17&grp=,https://n.news.naver.com/mnews/article/123/0002369482?sid=101,"Wed, 08 Oct 2025 07:02:00 +0900"
수출입은행,"&quot;징계자 성과급이 1.1억&quot;…신보, '최원목 리더십 종료' 압박 커진다",비슷한 시기 임기 만료와 함께 스스로 물러난 산업은행 회장·수출입은행장과는 대조적이다. 특히 신보는 올해 공공기관 경영평가에서 'C' 등급으로 떨어졌다. 사무직 직원 사망사건이 중대재해로 인정되며 기관경고까지... ,https://www.apnews.kr/news/articleView.html?idxno=3040920,https://www.apnews.kr/news/articleView.html?idxno=3040920,"Wed, 08 Oct 2025 06:00:00 +0900"
수출입은행,"미국, 거센 압박 거듭 … 과연 버틸 수 있을까? [요시다 켄지 기고 ⑦ :...","해운 장관, 인도 수출입은행 부총재 각국의 외교관 등과의 대화 속에서 끊임없이 떠오르는 질문이 하나 있었다. 과연 인도의《전략적 자율성(Strategic Autonomy)》외교는 재편되는 국제 질서 속에서도 지속 가능한가?... ",https://www.newdaily.co.kr/site/data/html/2025/10/07/2025100700054.html,https://www.newdaily.co.kr/site/data/html/2025/10/07/2025100700054.html,"Tue, 07 Oct 2025 22:38:00 +0900"
수출입은행,통화스왑 구걸과 환율 간섭 허용의 위험성,"미국의 '인플레이션 감축법(IRA)'과 '반도체지원법(CHIPS Act)'이 유인책으로 작동했고, 여기에 한국 정부의 정책금융, 세제 감면, 수출입은행·산업은행의 지원이 결합되면서 사실상 국가적 차원의 대미투자로 전환되었다.... ",http://www.tongilnews.com/news/articleView.html?idxno=214684,http://www.tongilnews.com/news/articleView.html?idxno=214684,"Tue, 07 Oct 2025 20:28:00 +0900"
산업은행,"내년 부산시장 선거, 추석 이후 여야 본격 대결 공세 예고",이런 가운데 박형준 현 시장이 최근 정부가 산업은행 이전이 아닌 동남권 투자공사를 추진하기로 한 것을 두고 &quot;명백한 대통령의 공약 파기&quot;라며 이재명 대통령과 여당인 더불어민주당에 대한 비판 목소리를 높이기... ,http://www.fnnews.com/news/202510081037065556,https://n.news.naver.com/mnews/article/014/0005416863?sid=100,"Wed, 08 Oct 2025 10:48:00 +0900"
산업은행,‘신의 한 수’가 된 최창걸 명예회장의 몇 가지 일화,"최 명예회장은 국내에선 국민투자기금과 산업은행 등으로부터 돈을 빌렸고, 수소문해보니 IFC(International Finance Corporation, 후진국 민간기업에 투자하고 자금을 빌려주는 세계은행 산하 국제기구)를 알게 됐다. IFC에서... ",https://www.naeil.com/news/read/563507?ref=naver,https://www.naeil.com/news/read/563507?ref=naver,"Wed, 08 Oct 2025 09:38:00 +0900"
산업은행,"손병두 “‘금산분리’, 개선되어야 할 제1과제”",이에 따라 산업자본은 은행 지분 의결권을 최대 4%까지만 보유할 수 있다. 그러나 지나친 규제가 국내 금융 경쟁력을 떨어뜨리고 금융·산업 간 시너지를 가로막는다는 비판이 꾸준히 제기돼 왔다. 손 대표는 최근 본지와의... ,https://biz.heraldcorp.com/article/10590102?ref=naver,https://n.news.naver.com/mnews/article/016/0002539556?sid=101,"Wed, 08 Oct 2025 08:44:00 +0900"
산업은행,대미 관세 현실화···수출 다변화로 돌파중,또한 산업은행과 수출입은행의 위기대응 특별 프로그램이 관세 피해 기업의 유동성을 뒷받침할 방침이다. 둘째 바우처의 속도감 있는 집행이다. 산업부와 KOTRA는 관세 대응 수출바우처를 운영한다. 바우처 발급한도를... ,http://www.joseilbo.com/news/news_read.php?uid=554195&class=17&grp=,https://n.news.naver.com/mnews/article/123/0002369482?sid=101,"Wed, 08 Oct 2025 07:02:00 +0900"
산업은행,"금융연구원, 정책금융기관 해외진출…韓 금융시스템 벤치마킹 수요↑","이번 연구는 20개 정책금융기관(금융투자협회, 예금보험공사, 나이스 평가정보, 은행연합회, 한국거래소, 한국자산관리공사, 한국산업은행, 금융결제원 등) 70여 개국에서 추진한 70여개국에서 추진한 434건의 해외사업을... ",http://www.metroseoul.co.kr/article/20251007500079,http://www.metroseoul.co.kr/article/20251007500079,"Wed, 08 Oct 2025 06:02:00 +0900"
산업은행,"&quot;징계자 성과급이 1.1억&quot;…신보, '최원목 리더십 종료' 압박 커진다",비슷한 시기 임기 만료와 함께 스스로 물러난 산업은행 회장·수출입은행장과는 대조적이다. 특히 신보는 올해 공공기관 경영평가에서 'C' 등급으로 떨어졌다. 사무직 직원 사망사건이 중대재해로 인정되며 기관경고까지... ,https://www.apnews.kr/news/articleView.html?idxno=3040920,https://www.apnews.kr/news/articleView.html?idxno=3040920,"Wed, 08 Oct 2025 06:00:00 +0900"
산업은행,中 베이징서 최대 규모 휴머노이드 로봇 훈련장 개장,"해당 훈련장은 스징산구 정부가 주도하고 지역 산업회사, 베이징 은행보험산업단지, 러쥐로보틱스 등이 협력해 조성했으며, 1만㎡가 넘는 부지에서 연간 600만 건 이상의 데이터를 생산할 수 있다. 훈련장 내부에는 스마트... ",https://www.theguru.co.kr/news/article.html?no=92725,https://www.theguru.co.kr/news/article.html?no=92725,"Wed, 08 Oct 2025 00:02:00 +0900"
산업은행,통화스왑 구걸과 환율 간섭 허용의 위험성,"미국의 '인플레이션 감축법(IRA)'과 '반도체지원법(CHIPS Act)'이 유인책으로 작동했고, 여기에 한국 정부의 정책금융, 세제 감면, 수출입은행·산업은행의 지원이 결합되면서 사실상 국가적 차원의 대미투자로 전환되었다.... ",http://www.tongilnews.com/news/articleView.html?idxno=214684,http://www.tongilnews.com/news/articleView.html?idxno=214684,"Tue, 07 Oct 2025 20:28:00 +0900"
기업은행,"IBK기업은행-서울시, '2025 서울 핀테크 위크 데모데이 with IBK기업은행...",여의도 콘래드 서울에서 열린 '2025 서울 핀테크 위크 데모데이 with IBK기업은행' 행사에서 IBK기업은행 관계자들과 이준형 서울시 경제일자리기획관(왼쪽에서 네 번째) 및 참여기업 관계자들. 사진=IBK기업은행... ,http://www.sisacast.kr/news/articleView.html?idxno=83094,http://www.sisacast.kr/news/articleView.html?idxno=83094,"Wed, 08 Oct 2025 10:32:00 +0900"
기업은행,김연경 떠난 여자배구 V리그…흥행 괜찮을까,"그나마 기업은행을 떠나 현대건설에 새 둥지를 튼 김희진, 'FA 최대어' 이다현의 흥국생명 이적등 새로운 변화가 볼 거리를 안겨주길 기대하고 있습니다. &lt;김희진 / 현대건설 선수&gt; &quot;14년 동안 기업은행에서 뛰다가 처음... ",http://www.yonhapnewstv.co.kr/MYH202510080939492ja,https://m.sports.naver.com/volleyball/article/422/0000788871,"Wed, 08 Oct 2025 09:40:00 +0900"
기업은행,'김연경 원더독스' 전주 유치론 부상...새 체육관 완공 앞두고 현실화 ...,프로 명문구단 IBK기업은행 알토스와의 경기에서 최고 시청률 6.0%를 기록하며 배구 예능의 새 지평을 열었다. 원더독스의 첫 경기 상대가 바로 전주 근영여고였다는 점도 주목할 만하다. 방송에서 '필승 원더독스'와 전주... ,https://www.jjan.kr/article/20251007580017,https://www.jjan.kr/article/20251007580017,"Wed, 08 Oct 2025 09:18:00 +0900"
기업은행,[이 달의 신문광고] 우리 기업의 '기술 비전'이 그리는 미래,"함께 하는 평생 동반자로서 '더 나은 삶' '믿음' '일상의 지킴이'의 키워드로 따뜻한 분위기의 광고를 제작했다. IBK중소기업은행은 사명에 '기업'이 들어간 유일한 은행답게, 기업의 동반자임을 강조하는 광고를 내보냈다.",https://www.banronbodo.com/news/articleView.html?idxno=30967,https://www.banronbodo.com/news/articleView.html?idxno=30967,"Wed, 08 Oct 2025 09:16:00 +0900"
기업은행,추석에 다시 생각해보는 금융회사 ESG 경영,"중소기업을 위한 국책은행인 IBK기업은행 계열 IBK투자증권은 2008년 문을 연 후발 증권사다. 그럼에도 코넥스시장에 업계 최다인 60개의 기업을 상장시켰고, SPAC합병도 17건을 성공시켜 작은 기업들에게 자본시장이 선순환... ",https://www.straightnews.co.kr/news/articleView.html?idxno=283319,https://www.straightnews.co.kr/news/articleView.html?idxno=283319,"Wed, 08 Oct 2025 09:10:00 +0900"
기업은행,"'3차 상법' 수혜…금융주, 배당 매력 업그레이드","금융섹터 내에서 하나금융지주, 기업은행, 한국금융지주, 코리안리, 교보증권 등이 부각되고 있다. 해당 기업들은 꾸준한 이익을 내면서 배당성향을 점진적으로 높일 수 있기 때문이다. 금리 환경도 배당주의 매력을... ",https://www.ajunews.com/view/20251003220250660,https://www.ajunews.com/view/20251003220250660,"Wed, 08 Oct 2025 08:02:00 +0900"
기업은행,언더독이 원더가 될 때까지…'신인감독 김연경' [예능 뜯어보기],이어진 IBK기업은행전에서도 베테랑 김호철 감독과 맞붙어 빠른 교체와 전술 조정으로 팀을 이끌었다. 예능을 위해 탄생한 '명목상 감독'이 아닌 '현장형 리더' 김연경의 가능성이 드러난 장면이었다. 총 7경기 중 과반... ,https://www.ize.co.kr/news/articleView.html?idxno=71144,https://m.entertain.naver.com/article/465/0000013330,"Wed, 08 Oct 2025 08:00:00 +0900"
기업은행,추석에 '티끌 모아 태산' 해볼까…숨은 돈 찾는 4대 경로,"IBK기업은행, 우리은행, 신한은행, 웰컴저축은행이 서비스를 제공 중이며 KB캐피탈, NH농협은행, 하나은행, NH투자증권, 하나카드, 농협중앙회, 교보생명, 현대카드, NICE평가정보 등에서도 순차 개시한다. 이중 KB캐피탈... ",http://www.edaily.co.kr/news/newspath.asp?newsid=01197206642330952,https://n.news.naver.com/mnews/article/018/0006133982?sid=101,"Wed, 08 Oct 2025 07:01:00 +0900"
무역보험공사,"EU, 철강 쿼터 절반 줄이고 관세 두 배로…韓 수출길 좁아진다","회의에는 포스코, 현대제철, 동국제강 등 주요 철강사와 한국철강협회, 무역보험공사 관계자 등이 참석해 EU의 새로운 TRQ 조치에 대한 종합 대응 전략을 논의할 예정이다. 철강 업계는 이번 EU 조치가 미국발 25... ",https://view.asiae.co.kr/article/2025100811280939853,https://n.news.naver.com/mnews/article/277/0005662192?sid=101,"Wed, 08 Oct 2025 11:28:00 +0900"
무역보험공사,&quot;구글도 뛰어들었다&quot;…글로벌 '코인 금융' 인프라 선점 경쟁 [한경 코알...,"트리핀 딜레마란, 기축통화인 달러의 패권을 유지하기 위해 구조적 무역적자를 감수해야 하지만... 통화감독청(OCC)은 금융기관의 가상자산사업 진출을 공식적으로 허용했고, 연준(FRB)과 연방예금보험공사(FDIC)는... ",https://www.hankyung.com/article/202510088167i,https://n.news.naver.com/mnews/article/015/0005194363?sid=101,"Wed, 08 Oct 2025 10:38:00 +0900"
무역보험공사,대미 관세 현실화···수출 다변화로 돌파중,대한무역진흥공사(KOTRA)는 deXter(디지털 무역종합지원센터)를 통해 수출기업의 온라인 마케팅을 지원한다.... 정부는 환변동보험과 해외 전시회와 사절단 예산을 늘렸다. 환위험 대비와 시장 탐색을 동시에 할 수 있다.... ,http://www.joseilbo.com/news/news_read.php?uid=554195&class=17&grp=,https://n.news.naver.com/mnews/article/123/0002369482?sid=101,"Wed, 08 Oct 2025 07:02:00 +0900"
무역보험공사,[단독] 관세 협상 지연에 속타는 중소·중견기업…유동성 지원에 벌써 ...,"&quot; 일부 중소·중견 기업들이 유동성에도 어려움을 겪으면서, 무역보험공사의 대출금 보증액은 지난 8월까지 3조 4000억원에 달했습니다. 지난해보다 월 평균 12% 늘었습니다. 최 모 씨 / A사 영업 담당자 &quot;(영업이익이) 한 20... ",https://news.tvchosun.com/site/data/html_dir/2025/10/07/2025100790193.html,https://n.news.naver.com/mnews/article/448/0000562052?sid=100,"Tue, 07 Oct 2025 21:48:00 +0900"
ODA,올해도 윤석열·김건희 국감? '여당 민주당'은 어딜 겨눌까,해외 ODA 사업과 연관된 한만희 해외건설협회 회장을 증인으로 신청했다. 교육위원회에서는 김건희 여사 논문 표절 의혹과 관련해 김지용 국민대 이사장을 증인으로 채택했다. 김 이사장은 최근 3년간 국감 때마다 해외로... ,https://www.sedaily.com/NewsView/2GZ3KXAHZ3,https://n.news.naver.com/mnews/article/011/0004541337?sid=100,"Wed, 08 Oct 2025 12:01:00 +0900"
ODA,"3년 만에 국감 ‘공수 교대’, 조희대·김현지·관세협상…쟁점 수두룩",전국민 마음건강 투자지원사업이나 캄보디아 등 해외 공적개발원조(ODA) 사업 등이 국감장에서 다뤄질 수 있다는 뜻이다. 지난 윤석열 정부에서 ‘야당’ 민주당이 집요하게 다뤘던 서울-양평 고속도로 김건희 일가 특혜... ,https://www.hani.co.kr/arti/politics/assembly/1222420.html,https://n.news.naver.com/mnews/article/028/0002769905?sid=100,"Wed, 08 Oct 2025 09:02:00 +0900"
EDCF,"차규근 의원 “수은 EDCF 청년지역전문가 합격자 증가에 반해, 실제 입행...",수출입은행 EDCF 청년지역전문가 합격자는 증가하고 있는데에 반해 청년지역전문가 프로그램 이후 입행하는 직원들은 줄어들고 있는 것으로 확인됐다. 수출입은행 EDCF 청년지역전문가 프로그램은 국내 대학(원)생을... ,https://www.sentv.co.kr/article/view/sentv202510080018,https://www.sentv.co.kr/article/view/sentv202510080018,"Wed, 08 Oct 2025 11:58:00 +0900"
EDCF,"수은, EDCF 청년지역전문가 늘렸지만 입행은 급감","화이트페이퍼, WHITEPAPER(사진=수은)  한국수출입은행이 대외경제협력기금(EDCF) 청년지역전문가 선발... 7일 조국혁신당 차규근 의원이 수출입은행에서 제출받은 자료에 따르면, 수은은 올해 EDCF 청년지역전문가... ",http://www.whitepaper.co.kr/news/articleView.html?idxno=252921,http://www.whitepaper.co.kr/news/articleView.html?idxno=252921,"Wed, 08 Oct 2025 11:42:00 +0900"
